Workbook

Sheet Levels_real
A1: date | B1: credit | C1: trsry security | D1: =Levels!D1 -> net worth | E1: =Levels!V1 -> pvt safe | F1: GFCF | G1: cons | H1: hours | I1: =Levels!W1 -> LI_leverage | J1: =Levels!AD1 -> ma_equity_invcap_mean | K1: =Levels!AC1 -> ffr | L1: Real 10y r | M1: logQ | N1: ret | O1: ebp | P1: ExcR | Q1: infl | R1: JLN | S1: JLN_F | T1: GDP | U1: unc_m shock | V1: ip shock | W1: unc_f shock | X1: =Levels!AB1 -> vola_shock
A2: =Levels!A2 -> 1971Q1 | B2: =Levels!B2/Levels!$R2 -> 1146.9861 | C2: =Levels!C2/Levels!$R2 -> 216295.23 | D2: =Levels!D2/Levels!R2 -> 183563.37 | E2: =Levels!V2/Levels!R2 -> 1028622.9 | G2: =Levels!F2 -> 3107.2491 | H2: =Levels!G2 -> -2.1 | J2: =Levels!AD2 -> -0.011871578 | K2: =Levels!AC2 -> 3.8566667 | L2: =Levels!I2 -> -0.49996228 | M2: =Levels!J2 -> 1.9854295 | N2: =Levels!K2 -> -0.1529786 | P2: =Levels!M2 -> 0.14492942 | Q2: =Levels!N2 -> 0.16729428 | R2: =Levels!O2 -> 0.79096956 | S2: =Levels!P2 -> 0.97779341 | T2: =Levels!Q2 -> 5072.996 | U2: =Levels!S2 -> -4.2005676 | V2: =Levels!T2 -> 3.5197163 | W2: =Levels!U2 -> 0.04792851 | X2: =Levels!AB2 -> -0.99253557
A3: =Levels!A3 -> 1971Q2 | B3: =Levels!B3/Levels!$R3 -> 1181.7509 | C3: =Levels!C3/Levels!$R3 -> 215131.26 | D3: =Levels!D3/Levels!R3 -> 187801.6 | E3: =Levels!V3/Levels!R3 -> 1063192.1 | G3: =Levels!F3 -> 3132.4206 | H3: =Levels!G3 -> -0.5 | J3: =Levels!AD3 -> -0.011629499 | K3: =Levels!AC3 -> 4.5666667 | L3: =Levels!I3 -> -0.33476317 | M3: =Levels!J3 -> 2.0035371 | N3: =Levels!K3 -> -0.2530461 | P3: =Levels!M3 -> 0.010346773 | Q3: =Levels!N3 -> 0.49772333 | R3: =Levels!O3 -> 0.75466324 | S3: =Levels!P3 -> 0.93890474 | T3: =Levels!Q3 -> 5100.447 | U3: =Levels!S3 -> 1.0692357 | V3: =Levels!T3 -> -1.3260017 | W3: =Levels!U3 -> -0.20350855 | X3: =Levels!AB3 -> 0.11138773
A4: =Levels!A4 -> 1971Q3 | B4: =Levels!B4/Levels!$R4 -> 1208.3143 | C4: =Levels!C4/Levels!$R4 -> 212956.09 | D4: =Levels!D4/Levels!R4 -> 192946.56 | E4: =Levels!V4/Levels!R4 -> 1091281 | G4: =Levels!F4 -> 3148.7997 | H4: =Levels!G4 -> 0 | J4: =Levels!AD4 -> -0.0036406727 | K4: =Levels!AC4 -> 5.4766667 | L4: =Levels!I4 -> -0.17078911 | M4: =Levels!J4 -> 1.9910998 | N4: =Levels!K4 -> -0.37432899 | P4: =Levels!M4 -> -0.13164364 | Q4: =Levels!N4 -> 0.16400189 | R4: =Levels!O4 -> 0.76033864 | S4: =Levels!P4 -> 0.94071234 | T4: =Levels!Q4 -> 5142.422 | U4: =Levels!S4 -> -1.0795856 | V4: =Levels!T4 -> 0.29892608 | W4: =Levels!U4 -> 0.40864258 | X4: =Levels!AB4 -> 0.30780088
A5: =Levels!A5 -> 1971Q4 | B5: =Levels!B5/Levels!$R5 -> 1239.8683 | C5: =Levels!C5/Levels!$R5 -> 222961.2 | D5: =Levels!D5/Levels!R5 -> 200141.43 | E5: =Levels!V5/Levels!R5 -> 1136453.6 | G5: =Levels!F5 -> 3182.1609 | H5: =Levels!G5 -> 1.9 | J5: =Levels!AD5 -> 0.028613195 | K5: =Levels!AC5 -> 4.75 | L5: =Levels!I5 -> -0.82348626 | M5: =Levels!J5 -> 1.9819173 | N5: =Levels!K5 -> -0.35322285 | P5: =Levels!M5 -> -0.14608553 | Q5: =Levels!N5 -> 0.24469853 | R5: =Levels!O5 -> 0.75628188 | S5: =Levels!P5 -> 0.94820076 | T5: =Levels!Q5 -> 5154.547 | U5: =Levels!S5 -> 2.3988313 | V5: =Levels!T5 -> -0.26675265 | W5: =Levels!U5 -> 0.47947588 | X5: =Levels!AB5 -> -0.071932089
A6: =Levels!A6 -> 1972Q1 | B6: =Levels!B6/Levels!$R6 -> 1263.1117 | C6: =Levels!C6/Levels!$R6 -> 222285.3 | D6: =Levels!D6/Levels!R6 -> 208062.21 | E6: =Levels!V6/Levels!R6 -> 1165254.2 | F6: =Levels!E6 -> 908.537 | G6: =Levels!F6 -> 3226.2103 | H6: =Levels!G6 -> 2.6 | J6: =Levels!AD6 -> 0.0023036362 | K6: =Levels!AC6 -> 3.5466667 | L6: =Levels!I6 -> -0.74157349 | M6: =Levels!J6 -> 2.0227773 | N6: =Levels!K6 -> -0.73939461 | P6: =Levels!M6 -> -0.57402808 | Q6: =Levels!N6 -> 0.24291625 | R6: =Levels!O6 -> 0.74905767 | S6: =Levels!P6 -> 0.89377227 | T6: =Levels!Q6 -> 5249.337 | U6: =Levels!S6 -> 0.55881061 | V6: =Levels!T6 -> 2.908896 | W6: =Levels!U6 -> -3.6705217 | X6: =Levels!AB6 -> -0.50540096
A7: =Levels!A7 -> 1972Q2 | B7: =Levels!B7/Levels!$R7 -> 1308.5801 | C7: =Levels!C7/Levels!$R7 -> 221312.68 | D7: =Levels!D7/Levels!R7 -> 210594.23 | E7: =Levels!V7/Levels!R7 -> 1204986.1 | F7: =Levels!E7 -> 919.345 | G7: =Levels!F7 -> 3276.5467 | H7: =Levels!G7 -> 3 | J7: =Levels!AD7 -> -0.023576011 | K7: =Levels!AC7 -> 4.3 | L7: =Levels!I7 -> -0.69670607 | M7: =Levels!J7 -> 2.0331158 | N7: =Levels!K7 -> -0.84409953 | P7: =Levels!M7 -> -0.71528011 | Q7: =Levels!N7 -> 0.24096479 | R7: =Levels!O7 -> 0.72086478 | S7: =Levels!P7 -> 0.86197468 | T7: =Levels!Q7 -> 5368.485 | U7: =Levels!S7 -> -0.6140998 | V7: =Levels!T7 -> -1.344592 | W7: =Levels!U7 -> 0.18384939 | X7: =Levels!AB7 -> 0.013378271
A8: =Levels!A8 -> 1972Q3 | B8: =Levels!B8/Levels!$R8 -> 1340.3832 | C8: =Levels!C8/Levels!$R8 -> 218852.1 | D8: =Levels!D8/Levels!R8 -> 218072.48 | E8: =Levels!V8/Levels!R8 -> 1233553.4 | F8: =Levels!E8 -> 917.59 | G8: =Levels!F8 -> 3329.6378 | H8: =Levels!G8 -> 3.5 | J8: =Levels!AD8 -> -0.019333254 | K8: =Levels!AC8 -> 4.7433333 | L8: =Levels!I8 -> -0.61610667 | M8: =Levels!J8 -> 2.0413836 | N8: =Levels!K8 -> -0.81547068 | P8: =Levels!M8 -> -0.70840304 | Q8: =Levels!N8 -> 0.31879168 | R8: =Levels!O8 -> 0.7574092 | S8: =Levels!P8 -> 0.88100813 | T8: =Levels!Q8 -> 5419.184 | U8: =Levels!S8 -> 1.5322161 | V8: =Levels!T8 -> -0.045506628 | W8: =Levels!U8 -> -0.029725928 | X8: =Levels!AB8 -> -0.0076880759
A9: =Levels!A9 -> 1972Q4 | B9: =Levels!B9/Levels!$R9 -> 1387.2766 | C9: =Levels!C9/Levels!$R9 -> 228739.22 | D9: =Levels!D9/Levels!R9 -> 228956.69 | E9: =Levels!V9/Levels!R9 -> 1295029 | F9: =Levels!E9 -> 956.775 | G9: =Levels!F9 -> 3410.2999 | H9: =Levels!G9 -> 3.5 | J9: =Levels!AD9 -> -0.01032468 | K9: =Levels!AC9 -> 5.1466667 | L9: =Levels!I9 -> -0.59691595 | M9: =Levels!J9 -> 2.0655566 | N9: =Levels!K9 -> -0.47116967 | P9: =Levels!M9 -> -0.40034764 | Q9: =Levels!N9 -> 0.31577169 | R9: =Levels!O9 -> 0.78272069 | S9: =Levels!P9 -> 0.9260483 | T9: =Levels!Q9 -> 5509.926 | U9: =Levels!S9 -> 4.0139768 | V9: =Levels!T9 -> 0.10468662 | W9: =Levels!U9 -> -0.21161094 | X9: =Levels!AB9 -> -0.7985377
A10: =Levels!A10 -> 1973Q1 | B10: =Levels!B10/Levels!$R10 -> 1426.4019 | C10: =Levels!C10/Levels!$R10 -> 224997.99 | D10: =Levels!D10/Levels!R10 -> 237261.29 | E10: =Levels!V10/Levels!R10 -> 1327657.4 | F10: =Levels!E10 -> 996.161 | G10: =Levels!F10 -> 3488.2415 | H10: =Levels!G10 -> 3.9 | J10: =Levels!AD10 -> 0.033388641 | K10: =Levels!AC10 -> 6.5366667 | L10: =Levels!I10 -> -0.41931273 | M10: =Levels!J10 -> 2.0605947 | N10: =Levels!K10 -> -0.17466382 | O10: 0.0209 | P10: =Levels!M10 -> -0.15933788 | Q10: =Levels!N10 -> 0.62397347 | R10: =Levels!O10 -> 0.82162467 | S10: =Levels!P10 -> 1.0025217 | T10: =Levels!Q10 -> 5646.286 | U10: =Levels!S10 -> 1.6886504 | V10: =Levels!T10 -> 0.6921871 | W10: =Levels!U10 -> 0.30885107 | X10: =Levels!AB10 -> 1.491565
A11: =Levels!A11 -> 1973Q2 | B11: =Levels!B11/Levels!$R11 -> 1478.7258 | C11: =Levels!C11/Levels!$R11 -> 223233.27 | D11: =Levels!D11/Levels!R11 -> 242322.77 | E11: =Levels!V11/Levels!R11 -> 1375374.5 | F11: =Levels!E11 -> 996.956 | G11: =Levels!F11 -> 3529.2354 | H11: =Levels!G11 -> 4.2 | J11: =Levels!AD11 -> 0.021323124 | K11: =Levels!AC11 -> 7.8166667 | L11: =Levels!I11 -> -0.26696048 | M11: =Levels!J11 -> 2.0294043 | N11: =Levels!K11 -> 0.29158209 | O11: -0.0316 | P11: =Levels!M11 -> 0.27028401 | Q11: =Levels!N11 -> 0.68809511 | R11: =Levels!O11 -> 0.85461162 | S11: =Levels!P11 -> 1.0680409 | T11: =Levels!Q11 -> 5707.755 | U11: =Levels!S11 -> 1.8592563 | V11: =Levels!T11 -> -1.2523708 | W11: =Levels!U11 -> 1.3124441 | X11: =Levels!AB11 -> 0.95301059
A12: =Levels!A12 -> 1973Q3 | B12: =Levels!B12/Levels!$R12 -> 1522.4616 | C12: =Levels!C12/Levels!$R12 -> 219707.6 | D12: =Levels!D12/Levels!R12 -> 260305.56 | E12: =Levels!V12/Levels!R12 -> 1393249.7 | F12: =Levels!E12 -> 988.511 | G12: =Levels!F12 -> 3575.104 | H12: =Levels!G12 -> 4.3 | J12: =Levels!AD12 -> 0.025083577 | K12: =Levels!AC12 -> 10.56 | L12: =Levels!I12 -> 0.12014968 | M12: =Levels!J12 -> 2.0268212 | N12: =Levels!K12 -> 0.27369989 | O12: -0.3143 | P12: =Levels!M12 -> 0.21962252 | Q12: =Levels!N12 -> 0.75128097 | R12: =Levels!O12 -> 0.94089069 | S12: =Levels!P12 -> 1.1392991 | T12: =Levels!Q12 -> 5677.738 | U12: =Levels!S12 -> 3.5375632 | V12: =Levels!T12 -> 0.26813095 | W12: =Levels!U12 -> 1.2148524 | X12: =Levels!AB12 -> -0.52173465
A13: =Levels!A13 -> 1973Q4 | B13: =Levels!B13/Levels!$R13 -> 1560.4965 | C13: =Levels!C13/Levels!$R13 -> 228414.45 | D13: =Levels!D13/Levels!R13 -> 259035.18 | E13: =Levels!V13/Levels!R13 -> 1455277.6 | F13: =Levels!E13 -> 982.628 | G13: =Levels!F13 -> 3600.9919 | H13: =Levels!G13 -> 3.8 | J13: =Levels!AD13 -> -0.023258884 | K13: =Levels!AC13 -> 9.9966667 | L13: =Levels!I13 -> -0.34416786 | M13: =Levels!J13 -> 1.9926584 | N13: =Levels!K13 -> 0.48129295 | O13: 0.0523 | P13: =Levels!M13 -> 0.38189216 | Q13: =Levels!N13 -> 0.73214842 | R13: =Levels!O13 -> 0.94060057 | S13: =Levels!P13 -> 1.1964164 | T13: =Levels!Q13 -> 5731.632 | U13: =Levels!S13 -> 1.7073099 | V13: =Levels!T13 -> 0.11346682 | W13: =Levels!U13 -> -1.9173436 | X13: =Levels!AB13 -> 3.2358203
A14: =Levels!A14 -> 1974Q1 | B14: =Levels!B14/Levels!$R14 -> 1586.6712 | C14: =Levels!C14/Levels!$R14 -> 224963.49 | D14: =Levels!D14/Levels!R14 -> 267499.58 | E14: =Levels!V14/Levels!R14 -> 1476121.9 | F14: =Levels!E14 -> 973.878 | G14: =Levels!F14 -> 3630.8792 | H14: =Levels!G14 -> 1.8 | J14: =Levels!AD14 -> -0.0080833953 | K14: =Levels!AC14 -> 9.3233333 | L14: =Levels!I14 -> -0.038360527 | M14: =Levels!J14 -> 1.9806951 | N14: =Levels!K14 -> 0.57698054 | O14: -0.0035 | P14: =Levels!M14 -> 0.43001946 | Q14: =Levels!N14 -> 1.1415137 | R14: =Levels!O14 -> 0.92797056 | S14: =Levels!P14 -> 1.1147487 | T14: =Levels!Q14 -> 5682.353 | U14: =Levels!S14 -> -0.36504646 | V14: =Levels!T14 -> -0.73052763 | W14: =Levels!U14 -> -0.10677294 | X14: =Levels!AB14 -> -1.0169709
A15: =Levels!A15 -> 1974Q2 | B15: =Levels!B15/Levels!$R15 -> 1640.6855 | C15: =Levels!C15/Levels!$R15 -> 224409.84 | D15: =Levels!D15/Levels!R15 -> 272871.5 | E15: =Levels!V15/Levels!R15 -> 1520605 | F15: =Levels!E15 -> 970.429 | G15: =Levels!F15 -> 3692.3401 | H15: =Levels!G15 -> 1 | J15: =Levels!AD15 -> -0.010455564 | K15: =Levels!AC15 -> 11.25 | L15: =Levels!I15 -> 0.49468238 | M15: =Levels!J15 -> 1.9427892 | N15: =Levels!K15 -> 0.75252262 | O15: 0.2001 | P15: =Levels!M15 -> 0.55573823 | Q15: =Levels!N15 -> 0.8304851 | R15: =Levels!O15 -> 0.93079601 | S15: =Levels!P15 -> 1.1263069 | T15: =Levels!Q15 -> 5695.859 | U15: =Levels!S15 -> 1.4758472 | V15: =Levels!T15 -> 0.14781982 | W15: =Levels!U15 -> 1.8949369 | X15: =Levels!AB15 -> 2.7618788
A16: =Levels!A16 -> 1974Q3 | B16: =Levels!B16/Levels!$R16 -> 1679.8144 | C16: =Levels!C16/Levels!$R16 -> 222845.09 | D16: =Levels!D16/Levels!R16 -> 261082.14 | E16: =Levels!V16/Levels!R16 -> 1536096.3 | F16: =Levels!E16 -> 953.837 | G16: =Levels!F16 -> 3741.7166 | H16: =Levels!G16 -> 0 | J16: =Levels!AD16 -> -0.012828439 | K16: =Levels!AC16 -> 12.09 | L16: =Levels!I16 -> 0.98917161 | M16: =Levels!J16 -> 1.8519564 | N16: =Levels!K16 -> 1.4335446 | O16: 0.8057 | P16: =Levels!M16 -> 1.1790347 | Q16: =Levels!N16 -> 1.0769671 | R16: =Levels!O16 -> 0.95943359 | S16: =Levels!P16 -> 1.2085358 | T16: =Levels!Q16 -> 5642.025 | U16: =Levels!S16 -> 0.85070264 | V16: =Levels!T16 -> -0.83917508 | W16: =Levels!U16 -> 3.4635749 | X16: =Levels!AB16 -> 3.8256053
A17: =Levels!A17 -> 1974Q4 | B17: =Levels!B17/Levels!$R17 -> 1713.0008 | C17: =Levels!C17/Levels!$R17 -> 229078.15 | D17: =Levels!D17/Levels!R17 -> 273902.32 | E17: =Levels!V17/Levels!R17 -> 1568515.1 | F17: =Levels!E17 -> 911.379 | G17: =Levels!F17 -> 3699.7297 | H17: =Levels!G17 -> -2.1 | J17: =Levels!AD17 -> -0.0022248579 | K17: =Levels!AC17 -> 9.3466667 | L17: =Levels!I17 -> 0.80944859 | M17: =Levels!J17 -> 1.8411448 | N17: =Levels!K17 -> 1.5758592 | O17: 0.8332 | P17: =Levels!M17 -> 1.249375 | Q17: =Levels!N17 -> 0.84920673 | R17: =Levels!O17 -> 0.99742135 | S17: =Levels!P17 -> 1.255074 | T17: =Levels!Q17 -> 5620.126 | U17: =Levels!S17 -> -5.758001 | V17: =Levels!T17 -> -5.0263148 | W17: =Levels!U17 -> 3.9206876 | X17: =Levels!AB17 -> -1.56373
A18: =Levels!A18 -> 1975Q1 | B18: =Levels!B18/Levels!$R18 -> 1718.8821 | C18: =Levels!C18/Levels!$R18 -> 241849.13 | D18: =Levels!D18/Levels!R18 -> 287744.09 | E18: =Levels!V18/Levels!R18 -> 1592870.5 | F18: =Levels!E18 -> 876.76 | G18: =Levels!F18 -> 3709.2438 | H18: =Levels!G18 -> -4.7 | J18: =Levels!AD18 -> 0.0044844086 | K18: =Levels!AC18 -> 6.3033333 | L18: =Levels!I18 -> 0.82049095 | M18: =Levels!J18 -> 1.8958234 | N18: =Levels!K18 -> 1.4959458 | O18: 0.3778 | P18: =Levels!M18 -> 1.1326991 | Q18: =Levels!N18 -> 0.51135438 | R18: =Levels!O18 -> 0.95919584 | S18: =Levels!P18 -> 1.2120658 | T18: =Levels!Q18 -> 5551.713 | U18: =Levels!S18 -> -4.7871748 | V18: =Levels!T18 -> 1.5937692 | W18: =Levels!U18 -> -0.98702404 | X18: =Levels!AB18 -> -0.42944659
A19: =Levels!A19 -> 1975Q2 | B19: =Levels!B19/Levels!$R19 -> 1746.9322 | C19: =Levels!C19/Levels!$R19 -> 261148.69 | D19: =Levels!D19/Levels!R19 -> 300285.19 | E19: =Levels!V19/Levels!R19 -> 1635361 | F19: =Levels!E19 -> 856.806 | G19: =Levels!F19 -> 3722.0426 | H19: =Levels!G19 -> -5.9 | J19: =Levels!AD19 -> -0.0073048033 | K19: =Levels!AC19 -> 5.42 | L19: =Levels!I19 -> 1.4727936 | M19: =Levels!J19 -> 1.9536194 | N19: =Levels!K19 -> 1.2809491 | O19: 0.2218 | P19: =Levels!M19 -> 0.89383769 | Q19: =Levels!N19 -> 0.5661647 | R19: =Levels!O19 -> 0.89676815 | S19: =Levels!P19 -> 1.0760006 | T19: =Levels!Q19 -> 5591.382 | U19: =Levels!S19 -> 2.1712544 | V19: =Levels!T19 -> -1.2464274 | W19: =Levels!U19 -> -0.40670207 | X19: =Levels!AB19 -> -0.87082344
A20: =Levels!A20 -> 1975Q3 | B20: =Levels!B20/Levels!$R20 -> 1773.9547 | C20: =Levels!C20/Levels!$R20 -> 275088.41 | D20: =Levels!D20/Levels!R20 -> 293406.06 | E20: =Levels!V20/Levels!R20 -> 1650365.8 | F20: =Levels!E20 -> 887.954 | G20: =Levels!F20 -> 3760.3223 | H20: =Levels!G20 -> -4.7 | J20: =Levels!AD20 -> 0.0063287292 | K20: =Levels!AC20 -> 6.16 | L20: =Levels!I20 -> 1.8322875 | M20: =Levels!J20 -> 1.9360159 | N20: =Levels!K20 -> 1.4534452 | O20: 0.2827 | P20: =Levels!M20 -> 1.0226612 | Q20: =Levels!N20 -> 0.61879701 | R20: =Levels!O20 -> 0.84630793 | S20: =Levels!P20 -> 1.0188284 | T20: =Levels!Q20 -> 5687.087 | U20: =Levels!S20 -> 0.74547589 | V20: =Levels!T20 -> 2.9214341 | W20: =Levels!U20 -> -0.75612229 | X20: =Levels!AB20 -> 1.6185268
A21: =Levels!A21 -> 1975Q4 | B21: =Levels!B21/Levels!$R21 -> 1810.1814 | C21: =Levels!C21/Levels!$R21 -> 288631.6 | D21: =Levels!D21/Levels!R21 -> 303312.41 | E21: =Levels!V21/Levels!R21 -> 1703308.5 | F21: =Levels!E21 -> 909.903 | G21: =Levels!F21 -> 3792.3721 | H21: =Levels!G21 -> -1.5 | J21: =Levels!AD21 -> -0.0037410724 | K21: =Levels!AC21 -> 5.4133333 | L21: =Levels!I21 -> 1.6964956 | M21: =Levels!J21 -> 1.9512519 | N21: =Levels!K21 -> 1.5485802 | O21: 0.0925 | P21: =Levels!M21 -> 1.0886656 | Q21: =Levels!N21 -> 0.54657055 | R21: =Levels!O21 -> 0.79199991 | S21: =Levels!P21 -> 1.0004591 | T21: =Levels!Q21 -> 5763.665 | U21: =Levels!S21 -> 0.72190291 | V21: =Levels!T21 -> -0.28344698 | W21: =Levels!U21 -> 0.83826267 | X21: =Levels!AB21 -> -0.24768794
... A41: =Levels!A41 -> 1980Q4 | B41: =Levels!B41/Levels!$R41 -> 3144.0727 | C41: =Levels!C41/Levels!$R41 -> 430402.49 | D41: =Levels!D41/Levels!R41 -> 561927.07 | E41: =Levels!V41/Levels!R41 -> 2961520.7 | F41: =Levels!E41 -> 1184.951 | G41: =Levels!F41 -> 4568.3635 | H41: =Levels!G41 -> -1.2 | J41: =Levels!AD41 -> -0.016952831 | K41: =Levels!AC41 -> 15.853333 | L41: =Levels!I41 -> 7.5347326 | M41: =Levels!J41 -> 2.1290306 | N41: =Levels!K41 -> 2.109144 | O41: -0.063 | P41: =Levels!M41 -> 1.1554793 | Q41: =Levels!N41 -> 0.90450839 | R41: =Levels!O41 -> 1.0269331 | S41: =Levels!P41 -> 0.94474727 | T41: =Levels!Q41 -> 6817.903 | U41: =Levels!S41 -> 3.7112981 | V41: =Levels!T41 -> -0.66733789 | W41: =Levels!U41 -> -1.7492748 | X41: =Levels!AB41 -> 0.1402365
A42: =Levels!A42 -> 1981Q1 | B42: =Levels!B42/Levels!$R42 -> 3184.7012 | C42: =Levels!C42/Levels!$R42 -> 459365.68 | D42: =Levels!D42/Levels!R42 -> 576370.85 | E42: =Levels!V42/Levels!R42 -> 3039294 | F42: =Levels!E42 -> 1201.243 | G42: =Levels!F42 -> 4591.5242 | H42: =Levels!G42 -> -0.4 | I42: =Levels!Y42 -> 0.88892155 | J42: =Levels!AD42 -> 0.0030625663 | K42: =Levels!AC42 -> 16.57 | L42: =Levels!I42 -> 8.2256026 | M42: =Levels!J42 -> 2.1189736 | N42: =Levels!K42 -> 2.5209274 | O42: 0.1511 | P42: =Levels!M42 -> 1.561567 | Q42: =Levels!N42 -> 0.84273353 | R42: =Levels!O42 -> 1.0163667 | S42: =Levels!P42 -> 0.92260368 | T42: =Levels!Q42 -> 6951.495 | U42: =Levels!S42 -> -1.9293084 | V42: =Levels!T42 -> -0.22506821 | W42: =Levels!U42 -> -0.57680168 | X42: =Levels!AB42 -> -0.70313636
A43: =Levels!A43 -> 1981Q2 | B43: =Levels!B43/Levels!$R43 -> 3281.2144 | C43: =Levels!C43/Levels!$R43 -> 453082.9 | D43: =Levels!D43/Levels!R43 -> 586864.74 | E43: =Levels!V43/Levels!R43 -> 3115263.4 | F43: =Levels!E43 -> 1201.53 | G43: =Levels!F43 -> 4561.531 | H43: =Levels!G43 -> 1.5 | I43: =Levels!Y43 -> 1.7287282 | J43: =Levels!AD43 -> 0.00097319221 | K43: =Levels!AC43 -> 17.78 | L43: =Levels!I43 -> 9.1581014 | M43: =Levels!J43 -> 2.1201178 | N43: =Levels!K43 -> 2.662997 | O43: 0.3718 | P43: =Levels!M43 -> 1.7171343 | Q43: =Levels!N43 -> 0.78482294 | R43: =Levels!O43 -> 1.0094961 | S43: =Levels!P43 -> 0.91077231 | T43: =Levels!Q43 -> 6899.98 | U43: =Levels!S43 -> 1.6972631 | V43: =Levels!T43 -> -0.72447344 | W43: =Levels!U43 -> -1.2017454 | X43: =Levels!AB43 -> 0.046531181
A44: =Levels!A44 -> 1981Q3 | B44: =Levels!B44/Levels!$R44 -> 3362.1176 | C44: =Levels!C44/Levels!$R44 -> 471301.38 | D44: =Levels!D44/Levels!R44 -> 585290.31 | E44: =Levels!V44/Levels!R44 -> 3203015.5 | F44: =Levels!E44 -> 1197.764 | G44: =Levels!F44 -> 4554.6706 | H44: =Levels!G44 -> 1.9 | I44: =Levels!Y44 -> 2.0917108 | J44: =Levels!AD44 -> 0.00076998275 | K44: =Levels!AC44 -> 17.576667 | L44: =Levels!I44 -> 10.39121 | M44: =Levels!J44 -> 2.0880155 | N44: =Levels!K44 -> 2.9623774 | O44: 0.3037 | P44: =Levels!M44 -> 2.0265009 | Q44: =Levels!N44 -> 0.94767539 | R44: =Levels!O44 -> 1.00587 | S44: =Levels!P44 -> 0.95476983 | T44: =Levels!Q44 -> 6982.609 | U44: =Levels!S44 -> 0.40799323 | V44: =Levels!T44 -> -1.8674344 | W44: =Levels!U44 -> 0.35005574 | X44: =Levels!AB44 -> 1.3330723
A45: =Levels!A45 -> 1981Q4 | B45: =Levels!B45/Levels!$R45 -> 3429.2687 | C45: =Levels!C45/Levels!$R45 -> 504514.3 | D45: =Levels!D45/Levels!R45 -> 601647.47 | E45: =Levels!V45/Levels!R45 -> 3361692.7 | F45: =Levels!E45 -> 1200.996 | G45: =Levels!F45 -> 4495.4954 | H45: =Levels!G45 -> 0.2 | I45: =Levels!Y45 -> 2.0845536 | J45: =Levels!AD45 -> -0.0051487746 | K45: =Levels!AC45 -> 13.586667 | L45: =Levels!I45 -> 9.797838 | M45: =Levels!J45 -> 2.0911363 | N45: =Levels!K45 -> 2.987479 | O45: 0.3885 | P45: =Levels!M45 -> 2.0867719 | Q45: =Levels!N45 -> 0.28532073 | R45: =Levels!O45 -> 1.0118919 | S45: =Levels!P45 -> 0.93622252 | T45: =Levels!Q45 -> 6906.529 | U45: =Levels!S45 -> -3.025595 | V45: =Levels!T45 -> -2.2739214 | W45: =Levels!U45 -> -0.88778327 | X45: =Levels!AB45 -> 0.51262904
A46: =Levels!A46 -> 1982Q1 | B46: =Levels!B46/Levels!$R46 -> 3476.5974 | C46: =Levels!C46/Levels!$R46 -> 525973.22 | D46: =Levels!D46/Levels!R46 -> 607108.19 | E46: =Levels!V46/Levels!R46 -> 3415610 | F46: =Levels!E46 -> 1168.917 | G46: =Levels!F46 -> 4496.4744 | H46: =Levels!G46 -> -2.1 | I46: =Levels!Y46 -> 1.579708 | J46: =Levels!AD46 -> 0.00030904094 | K46: =Levels!AC46 -> 14.226667 | L46: =Levels!I46 -> 10.062422 | M46: =Levels!J46 -> 2.0575478 | N46: =Levels!K46 -> 3.2456478 | O46: 0.6552 | P46: =Levels!M46 -> 2.3810938 | Q46: =Levels!N46 -> 0.17719144 | R46: =Levels!O46 -> 1.018807 | S46: =Levels!P46 -> 0.91682962 | T46: =Levels!Q46 -> 6799.233 | U46: =Levels!S46 -> -0.47249076 | V46: =Levels!T46 -> 1.5338543 | W46: =Levels!U46 -> 0.12816432 | X46: =Levels!AB46 -> -1.1371215
A47: =Levels!A47 -> 1982Q2 | B47: =Levels!B47/Levels!$R47 -> 3552.9576 | C47: =Levels!C47/Levels!$R47 -> 526893.21 | D47: =Levels!D47/Levels!R47 -> 610851.85 | E47: =Levels!V47/Levels!R47 -> 3521202 | F47: =Levels!E47 -> 1143.141 | G47: =Levels!F47 -> 4473.3436 | H47: =Levels!G47 -> -1.7 | I47: =Levels!Y47 -> 2.2858784 | J47: =Levels!AD47 -> 0.01444605 | K47: =Levels!AC47 -> 14.513333 | L47: =Levels!I47 -> 9.8382992 | M47: =Levels!J47 -> 2.0526892 | N47: =Levels!K47 -> 3.3245311 | O47: 0.6189 | P47: =Levels!M47 -> 2.497899 | Q47: =Levels!N47 -> 0.87475224 | R47: =Levels!O47 -> 0.97206958 | S47: =Levels!P47 -> 0.94059797 | T47: =Levels!Q47 -> 6830.251 | U47: =Levels!S47 -> -1.4216617 | V47: =Levels!T47 -> -2.3032458 | W47: =Levels!U47 -> 1.6264403 | X47: =Levels!AB47 -> -0.54074285
A48: =Levels!A48 -> 1982Q3 | B48: =Levels!B48/Levels!$R48 -> 3595.9814 | C48: =Levels!C48/Levels!$R48 -> 575008.18 | D48: =Levels!D48/Levels!R48 -> 627192.77 | E48: =Levels!V48/Levels!R48 -> 3623175.7 | F48: =Levels!E48 -> 1121.696 | G48: =Levels!F48 -> 4500.0533 | H48: =Levels!G48 -> -2.4 | I48: =Levels!Y48 -> 2.1945323 | J48: =Levels!AD48 -> 0.012009587 | K48: =Levels!AC48 -> 11.006667 | L48: =Levels!I48 -> 9.0984286 | M48: =Levels!J48 -> 2.0836197 | N48: =Levels!K48 -> 3.2953811 | O48: 0.3034 | P48: =Levels!M48 -> 2.4906013 | Q48: =Levels!N48 -> 0.30843347 | R48: =Levels!O48 -> 0.94575345 | S48: =Levels!P48 -> 1.0068241 | T48: =Levels!Q48 -> 6804.139 | U48: =Levels!S48 -> -2.3746653 | V48: =Levels!T48 -> 1.1564377 | W48: =Levels!U48 -> 2.2141464 | X48: =Levels!AB48 -> 4.5193036
A49: =Levels!A49 -> 1982Q4 | B49: =Levels!B49/Levels!$R49 -> 3651.6043 | C49: =Levels!C49/Levels!$R49 -> 633731.81 | D49: =Levels!D49/Levels!R49 -> 674838.28 | E49: =Levels!V49/Levels!R49 -> 3717989.4 | F49: =Levels!E49 -> 1129.354 | G49: =Levels!F49 -> 4557.0992 | H49: =Levels!G49 -> -2.8 | I49: =Levels!Y49 -> 1.0426176 | J49: =Levels!AD49 -> -0.038358509 | K49: =Levels!AC49 -> 9.2866667 | L49: =Levels!I49 -> 6.7349724 | M49: =Levels!J49 -> 2.1422282 | N49: =Levels!K49 -> 2.8730823 | O49: 0.4288 | P49: =Levels!M49 -> 2.1098942 | Q49: =Levels!N49 -> -0.10179804 | R49: =Levels!O49 -> 0.91078784 | S49: =Levels!P49 -> 1.0069462 | T49: =Levels!Q49 -> 6806.857 | U49: =Levels!S49 -> -1.6930451 | V49: =Levels!T49 -> -2.6836457 | W49: =Levels!U49 -> -0.92759025 | X49: =Levels!AB49 -> -0.41807029
A50: =Levels!A50 -> 1983Q1 | B50: =Levels!B50/Levels!$R50 -> 3696.8308 | C50: =Levels!C50/Levels!$R50 -> 665170.57 | D50: =Levels!D50/Levels!R50 -> 686618.17 | E50: =Levels!V50/Levels!R50 -> 3774554.6 | F50: =Levels!E50 -> 1150.482 | G50: =Levels!F50 -> 4572.1045 | H50: =Levels!G50 -> -0.6 | I50: =Levels!Y50 -> 0.61462193 | J50: =Levels!AD50 -> -0.002479076 | K50: =Levels!AC50 -> 8.6533333 | L50: =Levels!I50 -> 6.7021344 | M50: =Levels!J50 -> 2.1691834 | N50: =Levels!K50 -> 2.7376199 | O50: 0.2724 | P50: =Levels!M50 -> 2.0222293 | Q50: =Levels!N50 -> 0.10238917 | R50: =Levels!O50 -> 0.87690196 | S50: =Levels!P50 -> 0.94020379 | T50: =Levels!Q50 -> 6896.561 | U50: =Levels!S50 -> 1.1467868 | V50: =Levels!T50 -> 2.6345384 | W50: =Levels!U50 -> -1.0335219 | X50: =Levels!AB50 -> -1.2808507
A51: =Levels!A51 -> 1983Q2 | B51: =Levels!B51/Levels!$R51 -> 3793.8824 | C51: =Levels!C51/Levels!$R51 -> 682287.43 | D51: =Levels!D51/Levels!R51 -> 687097.62 | E51: =Levels!V51/Levels!R51 -> 3877395.9 | F51: =Levels!E51 -> 1186.91 | G51: =Levels!F51 -> 4640.6962 | H51: =Levels!G51 -> 0.1 | I51: =Levels!Y51 -> 1.0273062 | J51: =Levels!AD51 -> -0.0014557321 | K51: =Levels!AC51 -> 8.8033333 | L51: =Levels!I51 -> 6.7680574 | M51: =Levels!J51 -> 2.2142025 | N51: =Levels!K51 -> 2.4897534 | O51: 0.0616 | P51: =Levels!M51 -> 1.7963711 | Q51: =Levels!N51 -> 0.54198465 | R51: =Levels!O51 -> 0.82073508 | S51: =Levels!P51 -> 0.90969026 | T51: =Levels!Q51 -> 7053.5 | U51: =Levels!S51 -> 0.97786839 | V51: =Levels!T51 -> 0.83570919 | W51: =Levels!U51 -> -1.465098 | X51: =Levels!AB51 -> 1.1767909
A52: =Levels!A52 -> 1983Q3 | B52: =Levels!B52/Levels!$R52 -> 3893.42 | C52: =Levels!C52/Levels!$R52 -> 724595.17 | D52: =Levels!D52/Levels!R52 -> 713233.82 | E52: =Levels!V52/Levels!R52 -> 3987111 | F52: =Levels!E52 -> 1248.512 | G52: =Levels!F52 -> 4725.0047 | H52: =Levels!G52 -> 2.8 | I52: =Levels!Y52 -> 1.0543238 | J52: =Levels!AD52 -> 0.012685368 | K52: =Levels!AC52 -> 9.46 | L52: =Levels!I52 -> 7.9169536 | M52: =Levels!J52 -> 2.2194518 | N52: =Levels!K52 -> 2.5606658 | O52: -0.1163 | P52: =Levels!M52 -> 1.8906298 | Q52: =Levels!N52 -> 0.40043745 | R52: =Levels!O52 -> 0.79068312 | S52: =Levels!P52 -> 0.8812983 | T52: =Levels!Q52 -> 7194.504 | U52: =Levels!S52 -> 2.4339858 | V52: =Levels!T52 -> 1.4932135 | W52: =Levels!U52 -> -1.7133386 | X52: =Levels!AB52 -> -0.97507169
A53: =Levels!A53 -> 1983Q4 | B53: =Levels!B53/Levels!$R53 -> 4017.78 | C53: =Levels!C53/Levels!$R53 -> 746249.57 | D53: =Levels!D53/Levels!R53 -> 707054.13 | E53: =Levels!V53/Levels!R53 -> 4099248.5 | F53: =Levels!E53 -> 1308.453 | G53: =Levels!F53 -> 4771.5155 | H53: =Levels!G53 -> 5.8 | I53: =Levels!Y53 -> 0.76761253 | J53: =Levels!AD53 -> 0.0024551115 | K53: =Levels!AC53 -> 9.43 | L53: =Levels!I53 -> 8.035801 | M53: =Levels!J53 -> 2.2169559 | N53: =Levels!K53 -> 2.5908383 | O53: 0.0063 | P53: =Levels!M53 -> 1.9543695 | Q53: =Levels!N53 -> 0.19824954 | R53: =Levels!O53 -> 0.76173376 | S53: =Levels!P53 -> 0.88130842 | T53: =Levels!Q53 -> 7344.597 | U53: =Levels!S53 -> -1.1921137 | V53: =Levels!T53 -> 0.44673632 | W53: =Levels!U53 -> -0.19527248 | X53: =Levels!AB53 -> -0.75730967
... A160: =Levels!A160 -> 2010Q3 | B160: =Levels!B160/Levels!$R160 -> 24040.903 | C160: =Levels!C160/Levels!$R160 -> 3976038.8 | D160: =Levels!D160/Levels!R160 -> 7426008.4 | E160: =Levels!V160/Levels!R160 -> 22326258 | F160: =Levels!E160 -> 2856.404 | G160: =Levels!F160 -> 10530.075 | H160: =Levels!G160 -> 1.4 | I160: =Levels!Y160 -> 0.72751029 | J160: =Levels!AD160 -> -0.0036807405 | K160: =Levels!AC160 -> 0.18666667 | L160: =Levels!I160 -> 1.1854427 | M160: =Levels!J160 -> 3.0517124 | N160: =Levels!K160 -> 2.9467248 | O160: -0.1864 | P160: =Levels!M160 -> 3.2427945 | Q160: =Levels!N160 -> 0.072448119 | R160: =Levels!O160 -> 0.75654172 | S160: =Levels!P160 -> 1.0855742 | T160: =Levels!Q160 -> 15726.282 | U160: =Levels!S160 -> 0.019147689 | V160: =Levels!T160 -> 0.60358029 | W160: =Levels!U160 -> -0.48659862 | X160: =Levels!AB160 -> -0.77002336
A161: =Levels!A161 -> 2010Q4 | B161: =Levels!B161/Levels!$R161 -> 23996.036 | C161: =Levels!C161/Levels!$R161 -> 4306839.1 | D161: =Levels!D161/Levels!R161 -> 7375944.2 | E161: =Levels!V161/Levels!R161 -> 22467318 | F161: =Levels!E161 -> 2892.01 | G161: =Levels!F161 -> 10625.467 | H161: =Levels!G161 -> 2 | I161: =Levels!Y161 -> 1.0023181 | J161: =Levels!AD161 -> 0.014428413 | K161: =Levels!AC161 -> 0.18666667 | L161: =Levels!I161 -> 1.2714216 | M161: =Levels!J161 -> 3.0863683 | N161: =Levels!K161 -> 2.8248676 | P161: =Levels!M161 -> 3.1181639 | Q161: =Levels!N161 -> 0.11280954 | R161: =Levels!O161 -> 0.74815231 | S161: =Levels!P161 -> 0.99033145 | T161: =Levels!Q161 -> 15807.995 | U161: =Levels!S161 -> 1.1490887 | V161: =Levels!T161 -> -2.1975647 | W161: =Levels!U161 -> -2.6184163 | X161: =Levels!AB161 -> -1.5888105
A162: =Levels!A162 -> 2011Q1 | B162: =Levels!B162/Levels!$R162 -> 23964.22 | C162: =Levels!C162/Levels!$R162 -> 4590181.4 | D162: =Levels!D162/Levels!R162 -> 7535270 | E162: =Levels!V162/Levels!R162 -> 22531430 | F162: =Levels!E162 -> 2875.086 | G162: =Levels!F162 -> 10726.621 | H162: =Levels!G162 -> 1.9 | I162: =Levels!Y162 -> 0.97475963 | J162: =Levels!AD162 -> 0.0008042664 | K162: =Levels!AC162 -> 0.15666667 | L162: =Levels!I162 -> 1.7934177 | M162: =Levels!J162 -> 3.114827 | N162: =Levels!K162 -> 2.8138993 | P162: =Levels!M162 -> 3.1058809 | Q162: =Levels!N162 -> 0.6481889 | R162: =Levels!O162 -> 0.75664864 | S162: =Levels!P162 -> 0.921221 | T162: =Levels!Q162 -> 15769.911 | U162: =Levels!S162 -> -1.0833278 | V162: =Levels!T162 -> 0.34972921 | W162: =Levels!U162 -> -1.0523799 | X162: =Levels!AB162 -> -0.93220479
A163: =Levels!A163 -> 2011Q2 | B163: =Levels!B163/Levels!$R163 -> 23939.17 | C163: =Levels!C163/Levels!$R163 -> 4654340 | D163: =Levels!D163/Levels!R163 -> 7591798.5 | E163: =Levels!V163/Levels!R163 -> 22830149 | F163: =Levels!E163 -> 2919.513 | G163: =Levels!F163 -> 10811.283 | H163: =Levels!G163 -> 2.2 | I163: =Levels!Y163 -> 1.824967 | J163: =Levels!AD163 -> 0.0010676411 | K163: =Levels!AC163 -> 0.093333333 | L163: =Levels!I163 -> 1.4730155 | M163: =Levels!J163 -> 3.1207139 | N163: =Levels!K163 -> 2.9863874 | P163: =Levels!M163 -> 3.2967793 | Q163: =Levels!N163 -> 0.335755 | R163: =Levels!O163 -> 0.75238606 | S163: =Levels!P163 -> 0.93018129 | T163: =Levels!Q163 -> 15876.839 | U163: =Levels!S163 -> 0.081994043 | V163: =Levels!T163 -> 0.39988548 | W163: =Levels!U163 -> 2.3896843 | X163: =Levels!AB163 -> 0.39393526
A164: =Levels!A164 -> 2011Q3 | B164: =Levels!B164/Levels!$R164 -> 23943.621 | C164: =Levels!C164/Levels!$R164 -> 5013792 | D164: =Levels!D164/Levels!R164 -> 7549132 | E164: =Levels!V164/Levels!R164 -> 22840229 | F164: =Levels!E164 -> 3008.949 | G164: =Levels!F164 -> 10853.601 | H164: =Levels!G164 -> 2.1 | I164: =Levels!Y164 -> 2.1817312 | J164: =Levels!AD164 -> 0.00080781882 | K164: =Levels!AC164 -> 0.083333333 | L164: =Levels!I164 -> 0.60908899 | M164: =Levels!J164 -> 3.0750807 | N164: =Levels!K164 -> 3.3299777 | P164: =Levels!M164 -> 3.6636525 | Q164: =Levels!N164 -> 0.17206989 | R164: =Levels!O164 -> 0.7598232 | S164: =Levels!P164 -> 1.0446978 | T164: =Levels!Q164 -> 15870.684 | U164: =Levels!S164 -> 0.6461623 | V164: =Levels!T164 -> 2.9440565 | W164: =Levels!U164 -> 3.3809634 | X164: =Levels!AB164 -> 4.8862021
A165: =Levels!A165 -> 2011Q4 | B165: =Levels!B165/Levels!$R165 -> 24026.773 | C165: =Levels!C165/Levels!$R165 -> 5341305.5 | D165: =Levels!D165/Levels!R165 -> 7671833.6 | E165: =Levels!V165/Levels!R165 -> 23076765 | F165: =Levels!E165 -> 3067.232 | G165: =Levels!F165 -> 10859.145 | H165: =Levels!G165 -> 2.4 | I165: =Levels!Y165 -> 1.5509293 | J165: =Levels!AD165 -> 0.0078188391 | K165: =Levels!AC165 -> 0.073333333 | L165: =Levels!I165 -> 0.15771512 | M165: =Levels!J165 -> 3.0916111 | N165: =Levels!K165 -> 3.335041 | P165: =Levels!M165 -> 3.7098175 | Q165: =Levels!N165 -> -0.17909201 | R165: =Levels!O165 -> 0.73770689 | S165: =Levels!P165 -> 1.0180619 | T165: =Levels!Q165 -> 16048.702 | U165: =Levels!S165 -> -0.60875249 | V165: =Levels!T165 -> 0.32447596 | W165: =Levels!U165 -> -4.6667844 | X165: =Levels!AB165 -> -2.1133242
A166: =Levels!A166 -> 2012Q1 | B166: =Levels!B166/Levels!$R166 -> 24068.553 | C166: =Levels!C166/Levels!$R166 -> 5735451 | D166: =Levels!D166/Levels!R166 -> 8452783 | E166: =Levels!V166/Levels!R166 -> 23464432 | F166: =Levels!E166 -> 3129.95 | G166: =Levels!F166 -> 10959.3 | H166: =Levels!G166 -> 3.1 | I166: =Levels!Y166 -> 2.2870649 | J166: =Levels!AD166 -> -0.003727485 | K166: =Levels!AC166 -> 0.10333333 | L166: =Levels!I166 -> 0.076403333 | M166: =Levels!J166 -> 3.1293495 | N166: =Levels!K166 -> 2.9741716 | P166: =Levels!M166 -> 3.3890173 | Q166: =Levels!N166 -> 0.54659079 | R166: =Levels!O166 -> 0.71559723 | S166: =Levels!P166 -> 0.91206994 | T166: =Levels!Q166 -> 16179.968 | U166: =Levels!S166 -> -0.83450165 | V166: =Levels!T166 -> 0.10112817 | W166: =Levels!U166 -> -0.32687477 | X166: =Levels!AB166 -> -1.1722363
A167: =Levels!A167 -> 2012Q2 | B167: =Levels!B167/Levels!$R167 -> 24133.18 | C167: =Levels!C167/Levels!$R167 -> 5789243.1 | D167: =Levels!D167/Levels!R167 -> 8577102.6 | E167: =Levels!V167/Levels!R167 -> 23501728 | F167: =Levels!E167 -> 3177.218 | G167: =Levels!F167 -> 10953.83 | H167: =Levels!G167 -> 2.2 | I167: =Levels!Y167 -> 2.1600445 | J167: =Levels!AD167 -> -0.0066493919 | K167: =Levels!AC167 -> 0.15333333 | L167: =Levels!I167 -> -0.20694732 | M167: =Levels!J167 -> 3.13115 | N167: =Levels!K167 -> 2.6432847 | P167: =Levels!M167 -> 3.1110184 | Q167: =Levels!N167 -> 0.012705108 | R167: =Levels!O167 -> 0.70555585 | S167: =Levels!P167 -> 0.88215008 | T167: =Levels!Q167 -> 16253.726 | U167: =Levels!S167 -> -0.21761944 | V167: =Levels!T167 -> -0.17054583 | W167: =Levels!U167 -> -0.90206171 | X167: =Levels!AB167 -> -0.017899073
A168: =Levels!A168 -> 2012Q3 | B168: =Levels!B168/Levels!$R168 -> 24322.303 | C168: =Levels!C168/Levels!$R168 -> 5910006.3 | D168: =Levels!D168/Levels!R168 -> 8644770.6 | E168: =Levels!V168/Levels!R168 -> 23954838 | F168: =Levels!E168 -> 3170.946 | G168: =Levels!F168 -> 10961.312 | H168: =Levels!G168 -> 2.4 | I168: =Levels!Y168 -> 1.313529 | J168: =Levels!AD168 -> -0.014769994 | K168: =Levels!AC168 -> 0.14333333 | L168: =Levels!I168 -> -0.46215587 | M168: =Levels!J168 -> 3.1547647 | N168: =Levels!K168 -> 2.4407336 | P168: =Levels!M168 -> 2.9219719 | Q168: =Levels!N168 -> 0.27991949 | R168: =Levels!O168 -> 0.71137391 | S168: =Levels!P168 -> 0.82532662 | T168: =Levels!Q168 -> 16282.151 | U168: =Levels!S168 -> -0.73819541 | V168: =Levels!T168 -> -1.1738945 | W168: =Levels!U168 -> -1.1164353 | X168: =Levels!AB168 -> -1.2651619
A169: =Levels!A169 -> 2012Q4 | B169: =Levels!B169/Levels!$R169 -> 24514.114 | C169: =Levels!C169/Levels!$R169 -> 5977240.2 | D169: =Levels!D169/Levels!R169 -> 8744641.4 | E169: =Levels!V169/Levels!R169 -> 24578788 | F169: =Levels!E169 -> 3208.178 | G169: =Levels!F169 -> 11017.443 | H169: =Levels!G169 -> 2.1 | I169: =Levels!Y169 -> 0.51977919 | J169: =Levels!AD169 -> 0.022177328 | K169: =Levels!AC169 -> 0.16 | L169: =Levels!I169 -> -0.4666082 | M169: =Levels!J169 -> 3.1487049 | N169: =Levels!K169 -> 2.4377672 | P169: =Levels!M169 -> 2.9098327 | Q169: =Levels!N169 -> -0.26066921 | R169: =Levels!O169 -> 0.71528796 | S169: =Levels!P169 -> 0.80250874 | T169: =Levels!Q169 -> 16300.035 | U169: =Levels!S169 -> 1.2729781 | V169: =Levels!T169 -> -0.80718583 | W169: =Levels!U169 -> -0.16894063 | X169: =Levels!AB169 -> -1.0620447
A170: =Levels!A170 -> 2013Q1 | B170: =Levels!B170/Levels!$R170 -> 24509.098 | C170: =Levels!C170/Levels!$R170 -> 6103367.2 | D170: =Levels!D170/Levels!R170 -> 8896447.9 | E170: =Levels!V170/Levels!R170 -> 24604440 | F170: =Levels!E170 -> 3239.229 | G170: =Levels!F170 -> 11073.001 | H170: =Levels!G170 -> 1.7 | I170: =Levels!Y170 -> 0.080937949 | J170: =Levels!AD170 -> 0.0026327964 | K170: =Levels!AC170 -> 0.14333333 | L170: =Levels!I170 -> -0.2850469 | M170: =Levels!J170 -> 3.1801947 | N170: =Levels!K170 -> 2.310735 | P170: =Levels!M170 -> 2.7708203 | Q170: =Levels!N170 -> 0.45872808 | R170: =Levels!O170 -> 0.71595232 | S170: =Levels!P170 -> 0.80977213 | T170: =Levels!Q170 -> 16441.485 | U170: =Levels!S170 -> -1.1628731 | V170: =Levels!T170 -> 1.9258847 | W170: =Levels!U170 -> -0.22683252 | X170: =Levels!AB170 -> -1.1040288
A171: =Levels!A171 -> 2013Q2 | B171: =Levels!B171/Levels!$R171 -> 24671.406 | C171: =Levels!C171/Levels!$R171 -> 5903389.6 | D171: =Levels!D171/Levels!R171 -> 8601918.1 | E171: =Levels!V171/Levels!R171 -> 24418413 | F171: =Levels!E171 -> 3257.752 | G171: =Levels!F171 -> 11057.972 | H171: =Levels!G171 -> 2 | I171: =Levels!Y171 -> 0.12246325 | J171: =Levels!AD171 -> -0.01764104 | K171: =Levels!AC171 -> 0.11666667 | L171: =Levels!I171 -> -0.26640537 | M171: =Levels!J171 -> 3.2106132 | N171: =Levels!K171 -> 2.2820455 | P171: =Levels!M171 -> 2.7367428 | Q171: =Levels!N171 -> 0.10468255 | R171: =Levels!O171 -> 0.68643445 | S171: =Levels!P171 -> 0.81741085 | T171: =Levels!Q171 -> 16464.402 | U171: =Levels!S171 -> -2.6163394 | V171: =Levels!T171 -> 1.3218152 | W171: =Levels!U171 -> 0.76916278 | X171: =Levels!AB171 -> -0.94657628
A172: =Levels!A172 -> 2013Q3 | B172: =Levels!B172/Levels!$R172 -> 24925.901 | C172: =Levels!C172/Levels!$R172 -> 5901062.8 | D172: =Levels!D172/Levels!R172 -> 8815133.3 | E172: =Levels!V172/Levels!R172 -> 24713873 | F172: =Levels!E172 -> 3305.841 | G172: =Levels!F172 -> 11101.499 | H172: =Levels!G172 -> 2 | I172: =Levels!Y172 -> 0.13687212 | J172: =Levels!AD172 -> -0.020301211 | K172: =Levels!AC172 -> 0.083333333 | L172: =Levels!I172 -> 0.43372925 | M172: =Levels!J172 -> 3.2284782 | N172: =Levels!K172 -> 2.3024897 | P172: =Levels!M172 -> 2.7329287 | Q172: =Levels!N172 -> 0.091997786 | R172: =Levels!O172 -> 0.67632809 | S172: =Levels!P172 -> 0.84172166 | T172: =Levels!Q172 -> 16594.743 | U172: =Levels!S172 -> -0.70887009 | V172: =Levels!T172 -> 1.1835532 | W172: =Levels!U172 -> 0.030942278 | X172: =Levels!AB172 -> -0.56107577
... A178: =Levels!A178 -> 2015Q1 | B178: =Levels!B178/Levels!$R178 -> 26268.386 | C178: =Levels!C178/Levels!$R178 -> 7111991.9 | D178: =Levels!D178/Levels!R178 -> 9880583.1 | E178: =Levels!V178/Levels!R178 -> 26093780 | F178: =Levels!E178 -> 3536.69 | G178: =Levels!F178 -> 11513.694 | H178: =Levels!G178 -> 3 | I178: =Levels!Y178 -> 0.65986079 | J178: =Levels!AD178 -> -0.0084821697 | K178: =Levels!AC178 -> 0.11 | L178: =Levels!I178 -> -0.42136048 | M178: =Levels!J178 -> 3.3145634 | N178: =Levels!K178 -> 1.8640204 | P178: =Levels!M178 -> 2.258033 | Q178: =Levels!N178 -> 0.18629581 | R178: =Levels!O178 -> 0.80369405 | S178: =Levels!P178 -> 0.85171872 | T178: =Levels!Q178 -> 17280.647 | U178: =Levels!S178 -> -1.1506524 | V178: =Levels!T178 -> -1.0551958 | W178: =Levels!U178 -> -0.64654784 | X178: =Levels!AB178 -> -1.6420875
A179: =Levels!A179 -> 2015Q2 | B179: =Levels!B179/Levels!$R179 -> 26649.833 | C179: =Levels!C179/Levels!$R179 -> 6826466.5 | D179: =Levels!D179/Levels!R179 -> 9801467.1 | E179: =Levels!V179/Levels!R179 -> 25985152 | F179: =Levels!E179 -> 3579.129 | G179: =Levels!F179 -> 11609.991 | H179: =Levels!G179 -> 2.6 | I179: =Levels!Y179 -> 0.5284733 | J179: =Levels!AD179 -> -0.00069266046 | K179: =Levels!AC179 -> 0.12333333 | L179: =Levels!I179 -> -0.256725 | M179: =Levels!J179 -> 3.3222287 | N179: =Levels!K179 -> 1.8323221 | P179: =Levels!M179 -> 2.2094113 | Q179: =Levels!N179 -> 0.35443251 | R179: =Levels!O179 -> 0.78124467 | S179: =Levels!P179 -> 0.84736693 | T179: =Levels!Q179 -> 17380.875 | U179: =Levels!S179 -> -0.3910144 | V179: =Levels!T179 -> 0.5303932 | W179: =Levels!U179 -> 0.12045721 | X179: -0.1883844

Sheet Normalized_cleaned
A1: =Normalized!A1 -> date | B1: =Normalized!B1 -> credit | C1: =Normalized!C1 -> trsry security | D1: =Normalized!D1 -> net worth | E1: =Normalized!E1 -> GFCF | F1: =Normalized!F1 -> cons | G1: =Normalized!G1 -> hours | H1: =Normalized!H1 -> Real 3m r | ... T1: =Normalized!T1 -> unc_f shock
A2: =Levels!A2 -> 1971Q1 | B2: =Normalized!B2 -> 1.1469861 | C2: =Normalized!C2 -> 216.29523 | D2: =Normalized!D2 -> 21804.202 | F2: =Levels!F2/Levels!$Q2 -> 0.61250771 | G2: -2.1 | H2: -1.1999911 | I2: -0.49996228 | J2: 1.9854295 | K2: 0.19569739 | M2: 2.4406015 | N2: 5.00377 | O2: 0.79096956 | P2: 0.97779341 | Q2: 2.69724 | R2: -4.2005676 | S2: 3.5197163 | T2: 0.04792851
A3: =Levels!A3 -> 1971Q2 | B3: =Normalized!B3 -> 1.1817509 | C3: =Normalized!C3 -> 215.13126 | D3: =Normalized!D3 -> 21916.491 | F3: =Levels!F3/Levels!$Q3 -> 0.6141463 | G3: -0.5 | H3: -0.57537905 | I3: -0.33476317 | J3: 2.0035371 | K3: 0.17269642 | M3: 1.8972222 | N3: 5.01786 | O3: 0.75466324 | P3: 0.93890474 | Q3: 3.10661 | R3: 1.0692357 | S3: -1.3260017 | T3: -0.20350855
A4: =Levels!A4 -> 1971Q3 | B4: =Normalized!B4 -> 1.2083143 | C4: =Normalized!C4 -> 212.95609 | D4: =Normalized!D4 -> 22827.074 | F4: =Levels!F4/Levels!$Q4 -> 0.61231841 | G4: 0 | H4: 1.0299225 | I4: -0.17078911 | J4: 1.9910998 | K4: -0.082923813 | M4: 1.6608249 | N4: 4.83776 | O4: 0.76033864 | P4: 0.94071234 | Q4: 3.00589 | R4: -1.0795856 | S4: 0.29892608 | T4: 0.40864258
A5: =Levels!A5 -> 1971Q4 | B5: =Normalized!B5 -> 1.2398683 | C5: =Normalized!C5 -> 222.9612 | D5: =Normalized!D5 -> 23906.508 | F5: =Levels!F5/Levels!$Q5 -> 0.61735026 | G5: 1.9 | H5: 0.55639672 | I5: -0.82348626 | J5: 1.9819173 | K5: 0.090832648 | M5: 1.6553777 | N5: 3.97789 | O5: 0.75628188 | P5: 0.94820076 | Q5: 4.3672 | R5: 2.3988313 | S5: -0.26675265 | T5: 0.47947588
A6: =Levels!A6 -> 1972Q1 | B6: =Normalized!B6 -> 1.2631117 | C6: =Normalized!C6 -> 222.2853 | D6: =Normalized!D6 -> 23872.216 | E6: =Levels!E6/Levels!$Q6 -> 0.17307652 | F6: =Levels!F6/Levels!$Q6 -> 0.61459387 | G6: 2.6 | H6: 0.26047683 | I6: -0.74157349 | J6: 2.0227773 | K6: -0.89174984 | M6: 0.95439693 | N6: 3.6618 | O6: 0.74905767 | P6: 0.89377227 | Q6: 3.4760721 | R6: 0.55881061 | S6: 2.908896 | T6: -3.6705217
A7: =Levels!A7 -> 1972Q2 | B7: =Normalized!B7 -> 1.3085801 | C7: =Normalized!C7 -> 221.31268 | D7: =Normalized!D7 -> 23928.732 | E7: =Levels!E7/Levels!$Q7 -> 0.1712485 | F7: =Levels!F7/Levels!$Q7 -> 0.61032985 | G7: 3 | H7: 0.7805975 | I7: -0.69670607 | J7: 2.0331158 | K7: -0.035339052 | M7: 1.8877984 | N7: 3.18492 | O7: 0.72086478 | P7: 0.86197468 | Q7: 5.2551865 | R7: -0.6140998 | S7: -1.344592 | T7: 0.18384939
A8: =Levels!A8 -> 1972Q3 | B8: =Normalized!B8 -> 1.3403832 | C8: =Normalized!C8 -> 218.8521 | D8: =Normalized!D8 -> 24589.231 | E8: =Levels!E8/Levels!$Q8 -> 0.16932254 | F8: =Levels!F8/Levels!$Q8 -> 0.61441682 | G8: 3.5 | H8: 1.1635024 | I8: -0.61610667 | J8: 2.0413836 | K8: -0.55965761 | M8: 1.0524892 | N8: 2.99034 | O8: 0.7574092 | P8: 0.88100813 | Q8: 5.3819387 | R8: 1.5322161 | S8: -0.045506628 | T8: -0.029725928
A9: =Levels!A9 -> 1972Q4 | B9: =Normalized!B9 -> 1.3872766 | C9: =Normalized!C9 -> 228.73922 | D9: =Normalized!D9 -> 25220.009 | E9: =Levels!E9/Levels!$Q9 -> 0.17364571 | F9: =Levels!F9/Levels!$Q9 -> 0.61893751 | G9: 3.5 | H9: 2.0814833 | I9: -0.59691595 | J9: 2.0655566 | K9: -0.68146812 | M9: 1.3568742 | N9: 3.04745 | O9: 0.78272069 | P9: 0.9260483 | Q9: 6.8944759 | R9: 4.0139768 | S9: 0.10468662 | T9: -0.21161094
A10: =Levels!A10 -> 1973Q1 | B10: =Normalized!B10 -> 1.4264019 | C10: =Normalized!C10 -> 224.99799 | D10: =Normalized!D10 -> 26285.51 | E10: =Levels!E10/Levels!$Q10 -> 0.17642766 | F10: =Levels!F10/Levels!$Q10 -> 0.61779398 | G10: 3.9 | H10: 2.2260942 | I10: -0.41931273 | J10: 2.0605947 | K10: -0.038180953 | L10: 0.8896 | M10: 2.1151618 | N10: 2.78135 | O10: 0.82162467 | P10: 1.0025217 | Q10: 7.5618883 | R10: 1.6886504 | S10: 0.6921871 | T10: 0.30885107
A11: =Levels!A11 -> 1973Q2 | B11: =Normalized!B11 -> 1.4787258 | C11: =Normalized!C11 -> 223.23327 | D11: =Normalized!D11 -> 27740.003 | E11: =Levels!E11/Levels!$Q11 -> 0.17466692 | F11: =Levels!F11/Levels!$Q11 -> 0.61832286 | G11: 4.2 | H11: 2.5281508 | I11: -0.26696048 | J11: 2.0294043 | K11: 0.72880495 | L11: 0.8471 | M11: 3.0131481 | N11: 3.48068 | O11: 0.85461162 | P11: 1.0680409 | Q11: 6.31966 | R11: 1.8592563 | S11: -1.2523708 | T11: 1.3124441
A12: =Levels!A12 -> 1973Q3 | B12: =Normalized!B12 -> 1.5224616 | C12: =Normalized!C12 -> 219.7076 | D12: =Normalized!D12 -> 29927.057 | E12: =Levels!E12/Levels!$Q12 -> 0.17410296 | F12: =Levels!F12/Levels!$Q12 -> 0.62967048 | G12: 4.3 | H12: 3.4716694 | I12: 0.12014968 | J12: 2.0268212 | K12: 0.074922404 | L12: 0.6955 | M12: 2.0486348 | N12: 4.0755 | O12: 0.94089069 | P12: 1.1392991 | Q12: 4.7710873 | R12: 3.5375632 | S12: 0.26813095 | T12: 1.2148524
A13: =Levels!A13 -> 1973Q4 | B13: =Normalized!B13 -> 1.5604965 | C13: =Normalized!C13 -> 228.41445 | D13: =Normalized!D13 -> 30873.861 | E13: =Levels!E13/Levels!$Q13 -> 0.17143948 | F13: =Levels!F13/Levels!$Q13 -> 0.62826642 | G13: 3.8 | H13: 1.5712567 | I13: -0.34416786 | J13: 1.9926584 | K13: 1.0961419 | L13: 1.0661 | M13: 4.0151529 | N13: 4.86341 | O13: 0.94060057 | P13: 1.1964164 | Q13: 4.0237564 | R13: 1.7073099 | S13: 0.11346682 | T13: -1.9173436
A14: =Levels!A14 -> 1974Q1 | B14: =Normalized!B14 -> 1.5866712 | C14: =Normalized!C14 -> 224.96349 | D14: =Normalized!D14 -> 32325.49 | E14: =Levels!E14/Levels!$Q14 -> 0.1713864 | F14: =Levels!F14/Levels!$Q14 -> 0.6389746 | G14: 1.8 | H14: 0.54385197 | I14: -0.038360527 | J14: 1.9806951 | K14: 0.13757708 | L14: 0.9828 | M14: 2.7278288 | N14: 5.92591 | O14: 0.92797056 | P14: 1.1147487 | Q14: 0.63877388 | R14: -0.36504646 | S14: -0.73052763 | T14: -0.10677294
A15: =Levels!A15 -> 1974Q2 | B15: =Normalized!B15 -> 1.6406855 | C15: =Normalized!C15 -> 224.40984 | D15: =Normalized!D15 -> 34346.31 | E15: =Levels!E15/Levels!$Q15 -> 0.17037448 | F15: =Levels!F15/Levels!$Q15 -> 0.64824991 | G15: 1 | H15: -0.55646492 | I15: 0.49468238 | J15: 1.9427892 | K15: 1.1230131 | L15: 1.1519 | M15: 2.9483717 | N15: 7.10123 | O15: 0.93079601 | P15: 1.1263069 | Q15: -0.2084182 | R15: 1.4758472 | S15: 0.14781982 | T15: 1.8949369
A16: =Levels!A16 -> 1974Q3 | B16: =Normalized!B16 -> 1.6798144 | C16: =Normalized!C16 -> 222.84509 | D16: =Normalized!D16 -> 36061.85 | E16: =Levels!E16/Levels!$Q16 -> 0.16905934 | F16: =Levels!F16/Levels!$Q16 -> 0.66318682 | G16: 0 | H16: -1.6525712 | I16: 0.98917161 | J16: 1.8519564 | K16: 1.0579456 | L16: 1.9156 | M16: 2.8896119 | N16: 8.71583 | O16: 0.95943359 | P16: 1.2085358 | Q16: -0.62900049 | R16: 0.85070264 | S16: -0.83917508 | T16: 3.4635749
A17: =Levels!A17 -> 1974Q4 | B17: =Normalized!B17 -> 1.7130008 | C17: =Normalized!C17 -> 229.07815 | D17: =Normalized!D17 -> 38346.851 | E17: =Levels!E17/Levels!$Q17 -> 0.16216345 | F17: =Levels!F17/Levels!$Q17 -> 0.65830013 | G17: -2.1 | H17: -2.7436993 | I17: 0.80944859 | J17: 1.8411448 | K17: 0.63063489 | L17: 2.0764 | M17: 4.1781395 | N17: 9.84554 | O17: 0.99742135 | P17: 1.255074 | Q17: -1.9454494 | R17: -5.758001 | S17: -5.0263148 | T17: 3.9206876
A18: =Levels!A18 -> 1975Q1 | B18: =Normalized!B18 -> 1.7188821 | C18: =Normalized!C18 -> 241.84913 | D18: =Normalized!D18 -> 38222.127 | E18: =Levels!E18/Levels!$Q18 -> 0.15792603 | F18: =Levels!F18/Levels!$Q18 -> 0.668126 | G18: -4.7 | H18: -3.29118 | I18: 0.82049095 | J18: 1.8958234 | K18: -1.8346178 | L18: 1.415 | M18: 3.632642 | N18: 10.10206 | O18: 0.95919584 | P18: 1.2120658 | Q18: -2.2990476 | R18: -4.7871748 | S18: 1.5937692 | T18: -0.98702404
A19: =Levels!A19 -> 1975Q2 | B19: =Normalized!B19 -> 1.7469322 | C19: =Normalized!C19 -> 261.14869 | D19: =Normalized!D19 -> 37696.126 | E19: =Levels!E19/Levels!$Q19 -> 0.15323689 | F19: =Levels!F19/Levels!$Q19 -> 0.66567488 | G19: -5.9 | H19: -2.231465 | I19: 1.4727936 | J19: 1.9536194 | K19: 0.18272604 | L19: 1.2315 | M19: 3.40276 | N19: 9.06618 | O19: 0.89676815 | P19: 1.0760006 | Q19: -1.8342624 | R19: 2.1712544 | S19: -1.2464274 | T19: -0.40670207
A20: =Levels!A20 -> 1975Q3 | B20: =Normalized!B20 -> 1.7739547 | C20: =Normalized!C20 -> 275.08841 | D20: =Normalized!D20 -> 37539.739 | E20: =Levels!E20/Levels!$Q20 -> 0.15613512 | F20: =Levels!F20/Levels!$Q20 -> 0.66120358 | G20: -4.7 | H20: -0.4431025 | I20: 1.8322875 | J20: 1.9360159 | K20: 0.77819691 | L20: 1.1963 | M20: 4.7881683 | N20: 7.62834 | O20: 0.84630793 | P20: 1.0188284 | Q20: 0.79868487 | R20: 0.74547589 | S20: 2.9214341 | T20: -0.75612229
A21: =Levels!A21 -> 1975Q4 | B21: =Normalized!B21 -> 1.8101814 | C21: =Normalized!C21 -> 288.6316 | D21: =Normalized!D21 -> 38279.545 | E21: =Levels!E21/Levels!$Q21 -> 0.15786882 | F21: =Levels!F21/Levels!$Q21 -> 0.65797927 | G21: -1.5 | H21: -0.67907902 | I21: 1.6964956 | J21: 1.9512519 | K21: 0.17695831 | L21: 1.0724 | M21: 5.9981157 | N21: 6.77154 | O21: 0.79199991 | P21: 1.0004591 | Q21: 2.5540175 | R21: 0.72190291 | S21: -0.28344698 | T21: 0.83826267
... A160: =Levels!A160 -> 2010Q3 | B160: =Normalized!B160 -> 24.040903 | C160: =Normalized!C160 -> 3976.0388 | D160: =Normalized!D160 -> 350068.15 | E160: =Levels!E160/Levels!$Q160 -> 0.18163251 | F160: =Levels!F160/Levels!$Q160 -> 0.66958452 | G160: 1.4 | H160: -0.93048625 | I160: 1.1854427 | J160: 3.0517124 | K160: -0.71723057 | L160: 2.5012 | M160: -2.1674698 | N160: 1.39508 | O160: 0.75654172 | P160: 1.0855742 | Q160: 3.3491938 | R160: 0.019147689 | S160: 0.60358029 | T160: -0.48659862
A161: =Levels!A161 -> 2010Q4 | B161: =Normalized!B161 -> 23.996036 | C161: =Normalized!C161 -> 4306.8391 | D161: =Normalized!D161 -> 335925.19 | E161: =Levels!E161/Levels!$Q161 -> 0.18294603 | F161: =Levels!F161/Levels!$Q161 -> 0.67215782 | G161: 2 | H161: -1.0445739 | I161: 1.2714216 | J161: 3.0863683 | K161: -0.35392615 | M161: -2.4165292 | N161: 1.08533 | O161: 0.74815231 | P161: 0.99033145 | Q161: 2.7884497 | R161: 1.1490887 | S161: -2.1975647 | T161: -2.6184163
A162: =Levels!A162 -> 2011Q1 | B162: =Normalized!B162 -> 23.96422 | C162: =Normalized!C162 -> 4590.1814 | D162: =Normalized!D162 -> 333646.65 | E162: =Levels!E162/Levels!$Q162 -> 0.18231466 | F162: =Levels!F162/Levels!$Q162 -> 0.68019544 | G162: 1.9 | H162: -1.3748058 | I162: 1.7934177 | J162: 3.114827 | K162: -0.33205916 | M162: -3.9249336 | N162: 1.18409 | O162: 0.75664864 | P162: 0.921221 | Q162: 2.0306082 | R162: -1.0833278 | S162: 0.34972921 | T162: -1.0523799
A163: =Levels!A163 -> 2011Q2 | B163: =Normalized!B163 -> 23.93917 | C163: =Normalized!C163 -> 4654.34 | D163: =Normalized!D163 -> 334718.07 | E163: =Levels!E163/Levels!$Q163 -> 0.18388503 | F163: =Levels!F163/Levels!$Q163 -> 0.6809468 | G163: 2.2 | H163: -1.7628519 | I163: 1.4730155 | J163: 3.1207139 | K163: 0.23406256 | M163: -3.2850058 | N163: 1.50158 | O163: 0.75238606 | P163: 0.93018129 | Q163: 1.7379051 | R163: 0.081994043 | S163: 0.39988548 | T163: 2.3896843
A164: =Levels!A164 -> 2011Q3 | B164: =Normalized!B164 -> 23.943621 | C164: =Normalized!C164 -> 5013.792 | D164: =Normalized!D164 -> 348669.66 | E164: =Levels!E164/Levels!$Q164 -> 0.18959164 | F164: =Levels!F164/Levels!$Q164 -> 0.68387733 | G164: 2.1 | H164: -1.82447 | I164: 0.60908899 | J164: 3.0750807 | K164: 0.59824903 | M164: -1.1341993 | N164: 1.80809 | O164: 0.7598232 | P164: 1.0446978 | Q164: 0.91822085 | R164: 0.6461623 | S164: 2.9440565 | T164: 3.3809634
A165: =Levels!A165 -> 2011Q4 | B165: =Normalized!B165 -> 24.026773 | C165: =Normalized!C165 -> 5341.3055 | D165: =Normalized!D165 -> 348677.59 | E165: =Levels!E165/Levels!$Q165 -> 0.19112025 | F165: =Levels!F165/Levels!$Q165 -> 0.67663695 | G165: 2.4 | H165: -2.0284459 | I165: 0.15771512 | J165: 3.0916111 | K165: 0.15617172 | M165: -0.020767631 | N165: 1.84947 | O165: 0.73770689 | P165: 1.0180619 | Q165: 1.5226915 | R165: -0.60875249 | S165: 0.32447596 | T165: -4.6667844
A166: =Levels!A166 -> 2012Q1 | B166: =Normalized!B166 -> 24.068553 | C166: =Normalized!C166 -> 5735.451 | D166: =Normalized!D166 -> 369777.53 | E166: =Levels!E166/Levels!$Q166 -> 0.19344599 | F166: =Levels!F166/Levels!$Q166 -> 0.67733756 | G166: 3.1 | H166: -1.7991348 | I166: 0.076403333 | J166: 3.1293495 | K166: -0.3479205 | M166: -0.39181073 | N166: 2.0432 | O166: 0.71559723 | P166: 0.91206994 | Q166: 2.6002493 | R166: -0.83450165 | S166: 0.10112817 | T166: -0.32687477
A167: =Levels!A167 -> 2012Q2 | B167: =Normalized!B167 -> 24.13318 | C167: =Normalized!C167 -> 5789.2431 | D167: =Normalized!D167 -> 374552.94 | E167: =Levels!E167/Levels!$Q167 -> 0.19547629 | F167: =Levels!F167/Levels!$Q167 -> 0.67392733 | G167: 2.2 | H167: -1.6122087 | I167: -0.20694732 | J167: 3.13115 | K167: 0.26124486 | M167: 0.37744621 | N167: 1.86978 | O167: 0.70555585 | P167: 0.88215008 | Q167: 2.3738163 | R167: -0.21761944 | S167: -0.17054583 | T167: -0.90206171
A168: =Levels!A168 -> 2012Q3 | B168: =Normalized!B168 -> 24.322303 | C168: =Normalized!C168 -> 5910.0063 | D168: =Normalized!D168 -> 368955.65 | E168: =Levels!E168/Levels!$Q168 -> 0.19474982 | F168: =Levels!F168/Levels!$Q168 -> 0.6732103 | G168: 2.4 | H168: -1.6856227 | I168: -0.46215587 | J168: 3.1547647 | K168: -0.086295486 | M168: 0.023707249 | N168: 1.70049 | O168: 0.71137391 | P168: 0.82532662 | Q168: 2.592623 | R168: -0.73819541 | S168: -1.1738945 | T168: -1.1164353
A169: =Levels!A169 -> 2012Q4 | B169: =Normalized!B169 -> 24.514114 | C169: =Normalized!C169 -> 5977.2402 | D169: =Normalized!D169 -> 375241.91 | E169: =Levels!E169/Levels!$Q169 -> 0.19682031 | F169: =Levels!F169/Levels!$Q169 -> 0.6759153 | G169: 2.1 | H169: -1.4654279 | I169: -0.4666082 | J169: 3.1487049 | K169: 0.44689915 | M169: 0.91764785 | N169: 1.78721 | O169: 0.71528796 | P169: 0.80250874 | Q169: 1.5660643 | R169: 1.2729781 | S169: -0.80718583 | T169: -0.16894063
A170: =Levels!A170 -> 2013Q1 | B170: =Normalized!B170 -> 24.509098 | C170: =Normalized!C170 -> 6103.3672 | D170: =Normalized!D170 -> 370346.21 | E170: =Levels!E170/Levels!$Q170 -> 0.1970156 | F170: =Levels!F170/Levels!$Q170 -> 0.67347935 | G170: 1.7 | H170: -1.3592067 | I170: -0.2850469 | J170: 3.1801947 | K170: -0.47401299 | M170: 0.17898354 | N170: 1.5551 | O170: 0.71595232 | P170: 0.80977213 | Q170: 1.6163011 | R170: -1.1628731 | S170: 1.9258847 | T170: -0.22683252
A171: =Levels!A171 -> 2013Q2 | B171: =Normalized!B171 -> 24.671406 | C171: =Normalized!C171 -> 5903.3896 | D171: =Normalized!D171 -> 347447.83 | E171: =Levels!E171/Levels!$Q171 -> 0.1978664 | F171: =Levels!F171/Levels!$Q171 -> 0.67162912 | G171: 2 | H171: -1.4936675 | I171: -0.26640537 | J171: 3.2106132 | K171: -0.23323791 | M171: 0.37915556 | N171: 1.44554 | O171: 0.68643445 | P171: 0.81741085 | Q171: 1.2961705 | R171: -2.6163394 | S171: 1.3218152 | T171: 0.76916278
A172: =Levels!A172 -> 2013Q3 | B172: =Normalized!B172 -> 24.925901 | C172: =Normalized!C172 -> 5901.0628 | D172: =Normalized!D172 -> 349835.91 | E172: =Levels!E172/Levels!$Q172 -> 0.19921014 | F172: =Levels!F172/Levels!$Q172 -> 0.66897683 | G172: 2 | H172: -1.5602625 | I172: 0.43372925 | J172: 3.2284782 | K172: -0.24630715 | M172: -0.50150809 | N172: 1.54523 | O172: 0.67632809 | P172: 0.84172166 | Q172: 1.9198446 | R172: -0.70887009 | S172: 1.1835532 | T172: 0.030942278
... A193: =Levels!A193 -> 2018Q4 | B193: =Normalized!B193 -> 30.912642 | C193: =Normalized!C193 -> 8880.7328 | D193: =Normalized!D193 -> 370797.01 | E193: =Levels!E193/Levels!$Q193 -> 0.21325367 | F193: =Levels!F193/Levels!$Q193 -> 0.67430656 | G193: 2.6 | H193: -1.2008087 | I193: -0.256725 | J193: 3.3222287 | K193: -0.53872108 | M193: -3.982447 | N193: 1.30435 | O193: 0.78124467 | P193: 0.84736693 | Q193: 3.0398547 | R193: -0.3910144 | S193: 0.5303932 | T193: 0.12045721

Sheet Normalized
A1: =Levels!A1 -> date | B1: =Levels!B1 -> credit | C1: =Levels!C1 -> trsry security | D1: =Levels!D1 -> net worth | E1: =Levels!E1 -> GFCF | F1: =Levels!F1 -> cons | G1: =Levels!G1 -> hours | H1: =Levels!H1 -> Real 3m r | ... Q1: =Levels!Q1 -> GDP | R1: unc_m shock | S1: ip shock | T1: unc_f shock
A2: 1971Q1 | B2: =Levels!B2/(Levels!$R2*1000) -> 1.1469861 | C2: =Levels!C2/(Levels!$R2*1000) -> 216.29523 | D2: =Levels!D2/EXP(Levels!$J2) -> 21804.202 | F2: =Levels!F2/Levels!$Q2 -> 0.61250771 | G2: -2.1 | H2: -1.1999911 | I2: -0.49996228 | J2: 1.9854295 | K2: 0.19569739 | M2: 2.4406015 | N2: 5.00377 | O2: 0.79096956 | P2: 0.97779341 | Q2: 5072.996 | R2: -4.2005676 | S2: 3.5197163 | T2: 0.04792851
A3: 1971Q2 | B3: =Levels!B3/(Levels!$R3*1000) -> 1.1817509 | C3: =Levels!C3/(Levels!$R3*1000) -> 215.13126 | D3: =Levels!D3/EXP(Levels!$J3) -> 21916.491 | F3: =Levels!F3/Levels!$Q3 -> 0.6141463 | G3: -0.5 | H3: -0.57537905 | I3: -0.33476317 | J3: 2.0035371 | K3: 0.17269642 | M3: 1.8972222 | N3: 5.01786 | O3: 0.75466324 | P3: 0.93890474 | Q3: 5100.447 | R3: 1.0692357 | S3: -1.3260017 | T3: -0.20350855
A4: 1971Q3 | B4: =Levels!B4/(Levels!$R4*1000) -> 1.2083143 | C4: =Levels!C4/(Levels!$R4*1000) -> 212.95609 | D4: =Levels!D4/EXP(Levels!$J4) -> 22827.074 | F4: =Levels!F4/Levels!$Q4 -> 0.61231841 | G4: 0 | H4: 1.0299225 | I4: -0.17078911 | J4: 1.9910998 | K4: -0.082923813 | M4: 1.6608249 | N4: 4.83776 | O4: 0.76033864 | P4: 0.94071234 | Q4: 5142.422 | R4: -1.0795856 | S4: 0.29892608 | T4: 0.40864258
A5: 1971Q4 | B5: =Levels!B5/(Levels!$R5*1000) -> 1.2398683 | C5: =Levels!C5/(Levels!$R5*1000) -> 222.9612 | D5: =Levels!D5/EXP(Levels!$J5) -> 23906.508 | F5: =Levels!F5/Levels!$Q5 -> 0.61735026 | G5: 1.9 | H5: 0.55639672 | I5: -0.82348626 | J5: 1.9819173 | K5: 0.090832648 | M5: 1.6553777 | N5: 3.97789 | O5: 0.75628188 | P5: 0.94820076 | Q5: 5154.547 | R5: 2.3988313 | S5: -0.26675265 | T5: 0.47947588
A6: 1972Q1 | B6: =Levels!B6/(Levels!$R6*1000) -> 1.2631117 | C6: =Levels!C6/(Levels!$R6*1000) -> 222.2853 | D6: =Levels!D6/EXP(Levels!$J6) -> 23872.216 | E6: =Levels!E6/Levels!$Q6 -> 0.17307652 | F6: =Levels!F6/Levels!$Q6 -> 0.61459387 | G6: 2.6 | H6: 0.26047683 | I6: -0.74157349 | J6: 2.0227773 | K6: -0.89174984 | M6: 0.95439693 | N6: 3.6618 | O6: 0.74905767 | P6: 0.89377227 | Q6: 5249.337 | R6: 0.55881061 | S6: 2.908896 | T6: -3.6705217
A7: 1972Q2 | B7: =Levels!B7/(Levels!$R7*1000) -> 1.3085801 | C7: =Levels!C7/(Levels!$R7*1000) -> 221.31268 | D7: =Levels!D7/EXP(Levels!$J7) -> 23928.732 | E7: =Levels!E7/Levels!$Q7 -> 0.1712485 | F7: =Levels!F7/Levels!$Q7 -> 0.61032985 | G7: 3 | H7: 0.7805975 | I7: -0.69670607 | J7: 2.0331158 | K7: -0.035339052 | M7: 1.8877984 | N7: 3.18492 | O7: 0.72086478 | P7: 0.86197468 | Q7: 5368.485 | R7: -0.6140998 | S7: -1.344592 | T7: 0.18384939
A8: 1972Q3 | B8: =Levels!B8/(Levels!$R8*1000) -> 1.3403832 | C8: =Levels!C8/(Levels!$R8*1000) -> 218.8521 | D8: =Levels!D8/EXP(Levels!$J8) -> 24589.231 | E8: =Levels!E8/Levels!$Q8 -> 0.16932254 | F8: =Levels!F8/Levels!$Q8 -> 0.61441682 | G8: 3.5 | H8: 1.1635024 | I8: -0.61610667 | J8: 2.0413836 | K8: -0.55965761 | M8: 1.0524892 | N8: 2.99034 | O8: 0.7574092 | P8: 0.88100813 | Q8: 5419.184 | R8: 1.5322161 | S8: -0.045506628 | T8: -0.029725928
A9: 1972Q4 | B9: =Levels!B9/(Levels!$R9*1000) -> 1.3872766 | C9: =Levels!C9/(Levels!$R9*1000) -> 228.73922 | D9: =Levels!D9/EXP(Levels!$J9) -> 25220.009 | E9: =Levels!E9/Levels!$Q9 -> 0.17364571 | F9: =Levels!F9/Levels!$Q9 -> 0.61893751 | G9: 3.5 | H9: 2.0814833 | I9: -0.59691595 | J9: 2.0655566 | K9: -0.68146812 | M9: 1.3568742 | N9: 3.04745 | O9: 0.78272069 | P9: 0.9260483 | Q9: 5509.926 | R9: 4.0139768 | S9: 0.10468662 | T9: -0.21161094
A10: 1973Q1 | B10: =Levels!B10/(Levels!$R10*1000) -> 1.4264019 | C10: =Levels!C10/(Levels!$R10*1000) -> 224.99799 | D10: =Levels!D10/EXP(Levels!$J10) -> 26285.51 | E10: =Levels!E10/Levels!$Q10 -> 0.17642766 | F10: =Levels!F10/Levels!$Q10 -> 0.61779398 | G10: 3.9 | H10: 2.2260942 | I10: -0.41931273 | J10: 2.0605947 | K10: -0.038180953 | L10: 0.8896 | M10: 2.1151618 | N10: 2.78135 | O10: 0.82162467 | P10: 1.0025217 | Q10: 5646.286 | R10: 1.6886504 | S10: 0.6921871 | T10: 0.30885107
A11: 1973Q2 | B11: =Levels!B11/(Levels!$R11*1000) -> 1.4787258 | C11: =Levels!C11/(Levels!$R11*1000) -> 223.23327 | D11: =Levels!D11/EXP(Levels!$J11) -> 27740.003 | E11: =Levels!E11/Levels!$Q11 -> 0.17466692 | F11: =Levels!F11/Levels!$Q11 -> 0.61832286 | G11: 4.2 | H11: 2.5281508 | I11: -0.26696048 | J11: 2.0294043 | K11: 0.72880495 | L11: 0.8471 | M11: 3.0131481 | N11: 3.48068 | O11: 0.85461162 | P11: 1.0680409 | Q11: 5707.755 | R11: 1.8592563 | S11: -1.2523708 | T11: 1.3124441
A12: 1973Q3 | B12: =Levels!B12/(Levels!$R12*1000) -> 1.5224616 | C12: =Levels!C12/(Levels!$R12*1000) -> 219.7076 | D12: =Levels!D12/EXP(Levels!$J12) -> 29927.057 | E12: =Levels!E12/Levels!$Q12 -> 0.17410296 | F12: =Levels!F12/Levels!$Q12 -> 0.62967048 | G12: 4.3 | H12: 3.4716694 | I12: 0.12014968 | J12: 2.0268212 | K12: 0.074922404 | L12: 0.6955 | M12: 2.0486348 | N12: 4.0755 | O12: 0.94089069 | P12: 1.1392991 | Q12: 5677.738 | R12: 3.5375632 | S12: 0.26813095 | T12: 1.2148524
A13: 1973Q4 | B13: =Levels!B13/(Levels!$R13*1000) -> 1.5604965 | C13: =Levels!C13/(Levels!$R13*1000) -> 228.41445 | D13: =Levels!D13/EXP(Levels!$J13) -> 30873.861 | E13: =Levels!E13/Levels!$Q13 -> 0.17143948 | F13: =Levels!F13/Levels!$Q13 -> 0.62826642 | G13: 3.8 | H13: 1.5712567 | I13: -0.34416786 | J13: 1.9926584 | K13: 1.0961419 | L13: 1.0661 | M13: 4.0151529 | N13: 4.86341 | O13: 0.94060057 | P13: 1.1964164 | Q13: 5731.632 | R13: 1.7073099 | S13: 0.11346682 | T13: -1.9173436
A14: 1974Q1 | B14: =Levels!B14/(Levels!$R14*1000) -> 1.5866712 | C14: =Levels!C14/(Levels!$R14*1000) -> 224.96349 | D14: =Levels!D14/EXP(Levels!$J14) -> 32325.49 | E14: =Levels!E14/Levels!$Q14 -> 0.1713864 | F14: =Levels!F14/Levels!$Q14 -> 0.6389746 | G14: 1.8 | H14: 0.54385197 | I14: -0.038360527 | J14: 1.9806951 | K14: 0.13757708 | L14: 0.9828 | M14: 2.7278288 | N14: 5.92591 | O14: 0.92797056 | P14: 1.1147487 | Q14: 5682.353 | R14: -0.36504646 | S14: -0.73052763 | T14: -0.10677294
A15: 1974Q2 | B15: =Levels!B15/(Levels!$R15*1000) -> 1.6406855 | C15: =Levels!C15/(Levels!$R15*1000) -> 224.40984 | D15: =Levels!D15/EXP(Levels!$J15) -> 34346.31 | E15: =Levels!E15/Levels!$Q15 -> 0.17037448 | F15: =Levels!F15/Levels!$Q15 -> 0.64824991 | G15: 1 | H15: -0.55646492 | I15: 0.49468238 | J15: 1.9427892 | K15: 1.1230131 | L15: 1.1519 | M15: 2.9483717 | N15: 7.10123 | O15: 0.93079601 | P15: 1.1263069 | Q15: 5695.859 | R15: 1.4758472 | S15: 0.14781982 | T15: 1.8949369
A16: 1974Q3 | B16: =Levels!B16/(Levels!$R16*1000) -> 1.6798144 | C16: =Levels!C16/(Levels!$R16*1000) -> 222.84509 | D16: =Levels!D16/EXP(Levels!$J16) -> 36061.85 | E16: =Levels!E16/Levels!$Q16 -> 0.16905934 | F16: =Levels!F16/Levels!$Q16 -> 0.66318682 | G16: 0 | H16: -1.6525712 | I16: 0.98917161 | J16: 1.8519564 | K16: 1.0579456 | L16: 1.9156 | M16: 2.8896119 | N16: 8.71583 | O16: 0.95943359 | P16: 1.2085358 | Q16: 5642.025 | R16: 0.85070264 | S16: -0.83917508 | T16: 3.4635749
A17: 1974Q4 | B17: =Levels!B17/(Levels!$R17*1000) -> 1.7130008 | C17: =Levels!C17/(Levels!$R17*1000) -> 229.07815 | D17: =Levels!D17/EXP(Levels!$J17) -> 38346.851 | E17: =Levels!E17/Levels!$Q17 -> 0.16216345 | F17: =Levels!F17/Levels!$Q17 -> 0.65830013 | G17: -2.1 | H17: -2.7436993 | I17: 0.80944859 | J17: 1.8411448 | K17: 0.63063489 | L17: 2.0764 | M17: 4.1781395 | N17: 9.84554 | O17: 0.99742135 | P17: 1.255074 | Q17: 5620.126 | R17: -5.758001 | S17: -5.0263148 | T17: 3.9206876
A18: 1975Q1 | B18: =Levels!B18/(Levels!$R18*1000) -> 1.7188821 | C18: =Levels!C18/(Levels!$R18*1000) -> 241.84913 | D18: =Levels!D18/EXP(Levels!$J18) -> 38222.127 | E18: =Levels!E18/Levels!$Q18 -> 0.15792603 | F18: =Levels!F18/Levels!$Q18 -> 0.668126 | G18: -4.7 | H18: -3.29118 | I18: 0.82049095 | J18: 1.8958234 | K18: -1.8346178 | L18: 1.415 | M18: 3.632642 | N18: 10.10206 | O18: 0.95919584 | P18: 1.2120658 | Q18: 5551.713 | R18: -4.7871748 | S18: 1.5937692 | T18: -0.98702404
A19: 1975Q2 | B19: =Levels!B19/(Levels!$R19*1000) -> 1.7469322 | C19: =Levels!C19/(Levels!$R19*1000) -> 261.14869 | D19: =Levels!D19/EXP(Levels!$J19) -> 37696.126 | E19: =Levels!E19/Levels!$Q19 -> 0.15323689 | F19: =Levels!F19/Levels!$Q19 -> 0.66567488 | G19: -5.9 | H19: -2.231465 | I19: 1.4727936 | J19: 1.9536194 | K19: 0.18272604 | L19: 1.2315 | M19: 3.40276 | N19: 9.06618 | O19: 0.89676815 | P19: 1.0760006 | Q19: 5591.382 | R19: 2.1712544 | S19: -1.2464274 | T19: -0.40670207
A20: 1975Q3 | B20: =Levels!B20/(Levels!$R20*1000) -> 1.7739547 | C20: =Levels!C20/(Levels!$R20*1000) -> 275.08841 | D20: =Levels!D20/EXP(Levels!$J20) -> 37539.739 | E20: =Levels!E20/Levels!$Q20 -> 0.15613512 | F20: =Levels!F20/Levels!$Q20 -> 0.66120358 | G20: -4.7 | H20: -0.4431025 | I20: 1.8322875 | J20: 1.9360159 | K20: 0.77819691 | L20: 1.1963 | M20: 4.7881683 | N20: 7.62834 | O20: 0.84630793 | P20: 1.0188284 | Q20: 5687.087 | R20: 0.74547589 | S20: 2.9214341 | T20: -0.75612229
A21: 1975Q4 | B21: =Levels!B21/(Levels!$R21*1000) -> 1.8101814 | C21: =Levels!C21/(Levels!$R21*1000) -> 288.6316 | D21: =Levels!D21/EXP(Levels!$J21) -> 38279.545 | E21: =Levels!E21/Levels!$Q21 -> 0.15786882 | F21: =Levels!F21/Levels!$Q21 -> 0.65797927 | G21: -1.5 | H21: -0.67907902 | I21: 1.6964956 | J21: 1.9512519 | K21: 0.17695831 | L21: 1.0724 | M21: 5.9981157 | N21: 6.77154 | O21: 0.79199991 | P21: 1.0004591 | Q21: 5763.665 | R21: 0.72190291 | S21: -0.28344698 | T21: 0.83826267
... A160: 2010Q3 | B160: =Levels!B160/(Levels!$R160*1000) -> 24.040903 | C160: =Levels!C160/(Levels!$R160*1000) -> 3976.0388 | D160: =Levels!D160/EXP(Levels!$J160) -> 350068.15 | E160: =Levels!E160/Levels!$Q160 -> 0.18163251 | F160: =Levels!F160/Levels!$Q160 -> 0.66958452 | G160: 1.4 | H160: -0.93048625 | I160: 1.1854427 | J160: 3.0517124 | K160: -0.71723057 | L160: 2.5012 | M160: -2.1674698 | N160: 1.39508 | O160: 0.75654172 | P160: 1.0855742 | Q160: 15726.282 | R160: 0.019147689 | S160: 0.60358029 | T160: -0.48659862
A161: 2010Q4 | B161: =Levels!B161/(Levels!$R161*1000) -> 23.996036 | C161: =Levels!C161/(Levels!$R161*1000) -> 4306.8391 | D161: =Levels!D161/EXP(Levels!$J161) -> 335925.19 | E161: =Levels!E161/Levels!$Q161 -> 0.18294603 | F161: =Levels!F161/Levels!$Q161 -> 0.67215782 | G161: 2 | H161: -1.0445739 | I161: 1.2714216 | J161: 3.0863683 | K161: -0.35392615 | M161: -2.4165292 | N161: 1.08533 | O161: 0.74815231 | P161: 0.99033145 | Q161: 15807.995 | R161: 1.1490887 | S161: -2.1975647 | T161: -2.6184163
A162: 2011Q1 | B162: =Levels!B162/(Levels!$R162*1000) -> 23.96422 | C162: =Levels!C162/(Levels!$R162*1000) -> 4590.1814 | D162: =Levels!D162/EXP(Levels!$J162) -> 333646.65 | E162: =Levels!E162/Levels!$Q162 -> 0.18231466 | F162: =Levels!F162/Levels!$Q162 -> 0.68019544 | G162: 1.9 | H162: -1.3748058 | I162: 1.7934177 | J162: 3.114827 | K162: -0.33205916 | M162: -3.9249336 | N162: 1.18409 | O162: 0.75664864 | P162: 0.921221 | Q162: 15769.911 | R162: -1.0833278 | S162: 0.34972921 | T162: -1.0523799
A163: 2011Q2 | B163: =Levels!B163/(Levels!$R163*1000) -> 23.93917 | C163: =Levels!C163/(Levels!$R163*1000) -> 4654.34 | D163: =Levels!D163/EXP(Levels!$J163) -> 334718.07 | E163: =Levels!E163/Levels!$Q163 -> 0.18388503 | F163: =Levels!F163/Levels!$Q163 -> 0.6809468 | G163: 2.2 | H163: -1.7628519 | I163: 1.4730155 | J163: 3.1207139 | K163: 0.23406256 | M163: -3.2850058 | N163: 1.50158 | O163: 0.75238606 | P163: 0.93018129 | Q163: 15876.839 | R163: 0.081994043 | S163: 0.39988548 | T163: 2.3896843
A164: 2011Q3 | B164: =Levels!B164/(Levels!$R164*1000) -> 23.943621 | C164: =Levels!C164/(Levels!$R164*1000) -> 5013.792 | D164: =Levels!D164/EXP(Levels!$J164) -> 348669.66 | E164: =Levels!E164/Levels!$Q164 -> 0.18959164 | F164: =Levels!F164/Levels!$Q164 -> 0.68387733 | G164: 2.1 | H164: -1.82447 | I164: 0.60908899 | J164: 3.0750807 | K164: 0.59824903 | M164: -1.1341993 | N164: 1.80809 | O164: 0.7598232 | P164: 1.0446978 | Q164: 15870.684 | R164: 0.6461623 | S164: 2.9440565 | T164: 3.3809634
A165: 2011Q4 | B165: =Levels!B165/(Levels!$R165*1000) -> 24.026773 | C165: =Levels!C165/(Levels!$R165*1000) -> 5341.3055 | D165: =Levels!D165/EXP(Levels!$J165) -> 348677.59 | E165: =Levels!E165/Levels!$Q165 -> 0.19112025 | F165: =Levels!F165/Levels!$Q165 -> 0.67663695 | G165: 2.4 | H165: -2.0284459 | I165: 0.15771512 | J165: 3.0916111 | K165: 0.15617172 | M165: -0.020767631 | N165: 1.84947 | O165: 0.73770689 | P165: 1.0180619 | Q165: 16048.702 | R165: -0.60875249 | S165: 0.32447596 | T165: -4.6667844
A166: 2012Q1 | B166: =Levels!B166/(Levels!$R166*1000) -> 24.068553 | C166: =Levels!C166/(Levels!$R166*1000) -> 5735.451 | D166: =Levels!D166/EXP(Levels!$J166) -> 369777.53 | E166: =Levels!E166/Levels!$Q166 -> 0.19344599 | F166: =Levels!F166/Levels!$Q166 -> 0.67733756 | G166: 3.1 | H166: -1.7991348 | I166: 0.076403333 | J166: 3.1293495 | K166: -0.3479205 | M166: -0.39181073 | N166: 2.0432 | O166: 0.71559723 | P166: 0.91206994 | Q166: 16179.968 | R166: -0.83450165 | S166: 0.10112817 | T166: -0.32687477
A167: 2012Q2 | B167: =Levels!B167/(Levels!$R167*1000) -> 24.13318 | C167: =Levels!C167/(Levels!$R167*1000) -> 5789.2431 | D167: =Levels!D167/EXP(Levels!$J167) -> 374552.94 | E167: =Levels!E167/Levels!$Q167 -> 0.19547629 | F167: =Levels!F167/Levels!$Q167 -> 0.67392733 | G167: 2.2 | H167: -1.6122087 | I167: -0.20694732 | J167: 3.13115 | K167: 0.26124486 | M167: 0.37744621 | N167: 1.86978 | O167: 0.70555585 | P167: 0.88215008 | Q167: 16253.726 | R167: -0.21761944 | S167: -0.17054583 | T167: -0.90206171
A168: 2012Q3 | B168: =Levels!B168/(Levels!$R168*1000) -> 24.322303 | C168: =Levels!C168/(Levels!$R168*1000) -> 5910.0063 | D168: =Levels!D168/EXP(Levels!$J168) -> 368955.65 | E168: =Levels!E168/Levels!$Q168 -> 0.19474982 | F168: =Levels!F168/Levels!$Q168 -> 0.6732103 | G168: 2.4 | H168: -1.6856227 | I168: -0.46215587 | J168: 3.1547647 | K168: -0.086295486 | M168: 0.023707249 | N168: 1.70049 | O168: 0.71137391 | P168: 0.82532662 | Q168: 16282.151 | R168: -0.73819541 | S168: -1.1738945 | T168: -1.1164353
A169: 2012Q4 | B169: =Levels!B169/(Levels!$R169*1000) -> 24.514114 | C169: =Levels!C169/(Levels!$R169*1000) -> 5977.2402 | D169: =Levels!D169/EXP(Levels!$J169) -> 375241.91 | E169: =Levels!E169/Levels!$Q169 -> 0.19682031 | F169: =Levels!F169/Levels!$Q169 -> 0.6759153 | G169: 2.1 | H169: -1.4654279 | I169: -0.4666082 | J169: 3.1487049 | K169: 0.44689915 | M169: 0.91764785 | N169: 1.78721 | O169: 0.71528796 | P169: 0.80250874 | Q169: 16300.035 | R169: 1.2729781 | S169: -0.80718583 | T169: -0.16894063
A170: 2013Q1 | B170: =Levels!B170/(Levels!$R170*1000) -> 24.509098 | C170: =Levels!C170/(Levels!$R170*1000) -> 6103.3672 | D170: =Levels!D170/EXP(Levels!$J170) -> 370346.21 | E170: =Levels!E170/Levels!$Q170 -> 0.1970156 | F170: =Levels!F170/Levels!$Q170 -> 0.67347935 | G170: 1.7 | H170: -1.3592067 | I170: -0.2850469 | J170: 3.1801947 | K170: -0.47401299 | M170: 0.17898354 | N170: 1.5551 | O170: 0.71595232 | P170: 0.80977213 | Q170: 16441.485 | R170: -1.1628731 | S170: 1.9258847 | T170: -0.22683252
A171: 2013Q2 | B171: =Levels!B171/(Levels!$R171*1000) -> 24.671406 | C171: =Levels!C171/(Levels!$R171*1000) -> 5903.3896 | D171: =Levels!D171/EXP(Levels!$J171) -> 347447.83 | E171: =Levels!E171/Levels!$Q171 -> 0.1978664 | F171: =Levels!F171/Levels!$Q171 -> 0.67162912 | G171: 2 | H171: -1.4936675 | I171: -0.26640537 | J171: 3.2106132 | K171: -0.23323791 | M171: 0.37915556 | N171: 1.44554 | O171: 0.68643445 | P171: 0.81741085 | Q171: 16464.402 | R171: -2.6163394 | S171: 1.3218152 | T171: 0.76916278
A172: 2013Q3 | B172: =Levels!B172/(Levels!$R172*1000) -> 24.925901 | C172: =Levels!C172/(Levels!$R172*1000) -> 5901.0628 | D172: =Levels!D172/EXP(Levels!$J172) -> 349835.91 | E172: =Levels!E172/Levels!$Q172 -> 0.19921014 | F172: =Levels!F172/Levels!$Q172 -> 0.66897683 | G172: 2 | H172: -1.5602625 | I172: 0.43372925 | J172: 3.2284782 | K172: -0.24630715 | M172: -0.50150809 | N172: 1.54523 | O172: 0.67632809 | P172: 0.84172166 | Q172: 16594.743 | R172: -0.70887009 | S172: 1.1835532 | T172: 0.030942278
... A179: 2015Q2 | B179: =Levels!B179/(Levels!$R179*1000) -> 26.649833 | C179: =Levels!C179/(Levels!$R179*1000) -> 6826.4665 | D179: =Levels!D179/EXP(Levels!$J179) -> 354734.14 | E179: =Levels!E179/Levels!$Q179 -> 0.20592341 | F179: =Levels!F179/Levels!$Q179 -> 0.66797505 | G179: 2.6 | H179: -1.2008087 | I179: -0.256725 | J179: 3.3222287 | K179: -0.53872108 | M179: -3.982447 | N179: 1.30435 | O179: 0.78124467 | P179: 0.84736693 | Q179: 17380.875 | R179: -0.3910144 | S179: 0.5303932 | T179: 0.12045721
A180: 2015Q3 | B180: =Levels!B180/(Levels!$R180*1000) -> 26.869949 | C180: =Levels!C180/(Levels!$R180*1000) -> 6856.4121 | D180: =Levels!D180/EXP(Levels!$J180) -> 358715.65 | E180: =Levels!E180/Levels!$Q180 -> 0.20686153 | F180: =Levels!F180/Levels!$Q180 -> 0.67047775 | G180: 1.8 | H180: -1.1057588 | I180: -0.23287344 | J180: 3.3015915 | K180: 2.0445608 | M180: -0.89705249 | N180: 1.21909 | O180: 0.76161739 | P180: 0.9050596 | Q180: 17437.08
A181: 2015Q4 | B181: =Levels!B181/(Levels!$R181*1000) -> 27.065333 | C181: =Levels!C181/(Levels!$R181*1000) -> 7385.4827 | D181: =Levels!D181/EXP(Levels!$J181) -> 352899.86 | E181: =Levels!E181/Levels!$Q181 -> 0.20586782 | F181: =Levels!F181/Levels!$Q181 -> 0.67027555 | G181: 1.3 | H181: -1.2477665 | I181: -0.30541484 | J181: 3.3154051 | K181: 3.0372486 | M181: 0.43358785 | N181: 1.14779 | O181: 0.76860372 | P181: 0.92470982 | Q181: 17462.579
A182: 2016Q1 | B182: =Levels!B182/(Levels!$R182*1000) -> 27.304281 | C182: =Levels!C182/(Levels!$R182*1000) -> 7621.2886 | D182: =Levels!D182/EXP(Levels!$J182) -> 378004.33 | E182: =Levels!E182/Levels!$Q182 -> 0.20653202 | F182: =Levels!F182/Levels!$Q182 -> 0.66929621 | G182: 1.4 | H182: -1.1997472 | I182: -0.62657337 | J182: 3.2895059 | K182: 4.5777233 | M182: 3.5940074 | N182: 1.37196 | O182: 0.76788577 | P182: 0.9167409 | Q182: 17565.465
A183: 2016Q2 | B183: =Levels!B183/(Levels!$R183*1000) -> 27.558491 | C183: =Levels!C183/(Levels!$R183*1000) -> 7747.1916 | D183: =Levels!D183/EXP(Levels!$J183) -> 378503.68 | E183: =Levels!E183/Levels!$Q183 -> 0.20646282 | F183: =Levels!F183/Levels!$Q183 -> 0.67237686 | G183: 1.4 | H183: -1.39677 | I183: -0.83098547 | J183: 3.3208145 | K183: 5.578375 | M183: 5.7143292 | N183: 1.48778 | O183: 0.7320993 | P183: 0.85099407 | Q183: 17618.581
A184: 2016Q3 | B184: =Levels!B184/(Levels!$R184*1000) -> 27.927327 | C184: =Levels!C184/(Levels!$R184*1000) -> 8015.4128 | D184: =Levels!D184/EXP(Levels!$J184) -> 385504.03 | E184: =Levels!E184/Levels!$Q184 -> 0.20671609 | F184: =Levels!F184/Levels!$Q184 -> 0.67201642 | G184: 1.6 | H184: -1.507865 | I184: -1.0558154 | J184: 3.3338884 | K184: 6.7318531 | M184: 6.9898062 | N184: 1.65427 | O184: 0.71788091 | P184: 0.8386936 | Q184: 17724.489
A185: 2016Q4 | B185: =Levels!B185/(Levels!$R185*1000) -> 28.078493 | C185: =Levels!C185/(Levels!$R185*1000) -> 8075.8609 | D185: =Levels!D185/EXP(Levels!$J185) -> 368603.96 | E185: =Levels!E185/Levels!$Q185 -> 0.20733741 | F185: =Levels!F185/Levels!$Q185 -> 0.67208192 | G185: 1 | H185: -1.4358369 | I185: -0.51727666 | J185: 3.3434937 | K185: 6.9656846 | M185: 6.4805794 | N185: 1.80349 | O185: 0.72581891 | P185: 0.8513117 | Q185: 17812.56
A186: 2017Q1 | B186: =Levels!B186/(Levels!$R186*1000) -> 28.365626 | C186: =Levels!C186/(Levels!$R186*1000) -> 7908.3366 | D186: =Levels!D186/EXP(Levels!$J186) -> 372878.97 | E186: =Levels!E186/Levels!$Q186 -> 0.20894356 | F186: =Levels!F186/Levels!$Q186 -> 0.67478623 | G186: 1 | H186: -1.1021542 | I186: -0.24213979 | J186: 3.3661696 | K186: 5.8555421 | M186: 6.1911539 | N186: 1.86305 | O186: 0.7226605 | P186: 0.77624632 | Q186: 17889.094
A187: 2017Q2 | B187: =Levels!B187/(Levels!$R187*1000) -> 28.746102 | C187: =Levels!C187/(Levels!$R187*1000) -> 7780.1254 | D187: =Levels!D187/EXP(Levels!$J187) -> 375959.31 | E187: =Levels!E187/Levels!$Q187 -> 0.20994901 | F187: =Levels!F187/Levels!$Q187 -> 0.67289433 | G187: 1.4 | H187: -0.65210556 | I187: -0.46082842 | J187: 3.3820913 | K187: 3.3850324 | M187: 6.2542484 | N187: 1.70038 | O187: 0.71809777 | P187: 0.75387529 | Q187: 17979.218
A188: 2017Q3 | B188: =Levels!B188/(Levels!$R188*1000) -> 29.030628 | C188: =Levels!C188/(Levels!$R188*1000) -> 8122.0035 | D188: =Levels!D188/EXP(Levels!$J188) -> 379360.64 | E188: =Levels!E188/Levels!$Q188 -> 0.20926507 | F188: =Levels!F188/Levels!$Q188 -> 0.67119612 | G188: 1.3 | H188: -0.63924698 | I188: -0.5229106 | J188: 3.3982308 | K188: 2.4068972 | M188: 6.269523 | N188: 1.54655 | O188: 0.71934324 | P188: 0.76923521 | Q188: 18127.994
A189: 2017Q4 | B189: =Levels!B189/(Levels!$R189*1000) -> 29.529798 | C189: =Levels!C189/(Levels!$R189*1000) -> 8207.5198 | D189: =Levels!D189/EXP(Levels!$J189) -> 381612.71 | E189: =Levels!E189/Levels!$Q189 -> 0.21180358 | F189: =Levels!F189/Levels!$Q189 -> 0.67323999 | G189: 2 | H189: -0.64720452 | I189: -0.44583491 | J189: 3.4197472 | K189: 2.2967447 | M189: 6.375476 | N189: 1.67512 | O189: 0.71569156 | P189: 0.78531875 | Q189: 18310.3
A190: 2018Q1 | B190: =Levels!B190/(Levels!$R190*1000) -> 29.711711 | C190: =Levels!C190/(Levels!$R190*1000) -> 8477.7136 | D190: =Levels!D190/EXP(Levels!$J190) -> 369794.62 | E190: =Levels!E190/Levels!$Q190 -> 0.21267082 | F190: =Levels!F190/Levels!$Q190 -> 0.67473089 | G190: 2.1 | H190: -0.47183361 | I190: -0.11067859 | J190: 3.436525 | K190: 3.5606526 | M190: 6.3347518 | N190: 1.85414 | O190: 0.71560118 | P190: 0.82071332 | Q190: 18437.127
A191: 2018Q2 | B191: =Levels!B191/(Levels!$R191*1000) -> 30.26061 | C191: =Levels!C191/(Levels!$R191*1000) -> 8387.3423 | D191: =Levels!D191/EXP(Levels!$J191) -> 369420.12 | E191: =Levels!E191/Levels!$Q191 -> 0.21436664 | F191: =Levels!F191/Levels!$Q191 -> 0.67512875 | G191: 1.8 | H191: -0.229205 | I191: 0.0030854762 | J191: 3.4354083 | N191: 2.03085 | O191: 0.71233969 | P191: 0.8499022 | Q191: 18565.697
A192: 2018Q3 | B192: =Levels!B192/(Levels!$R192*1000) -> 30.569307 | C192: =Levels!C192/(Levels!$R192*1000) -> 8396.7909 | D192: =Levels!D192/EXP(Levels!$J192) -> 367551.54 | E192: =Levels!E192/Levels!$Q192 -> 0.21364732 | F192: =Levels!F192/Levels!$Q192 -> 0.67348073 | G192: 2.2 | H192: -0.0026495238 | I192: -0.038064476 | J192: 3.4545181 | N192: 2.06983 | O192: 0.70364243 | P192: 0.93235576 | Q192: 18699.748
A193: 2018Q4 | B193: =Levels!B193/(Levels!$R193*1000) -> 30.912642 | C193: =Levels!C193/(Levels!$R193*1000) -> 8880.7328 | D193: =Levels!D193/EXP(Levels!$J193) -> 370797.01 | E193: =Levels!E193/Levels!$Q193 -> 0.21325367 | F193: =Levels!F193/Levels!$Q193 -> 0.67430656 | G193: 1.8 | H193: 0.56117967 | I193: 0.032323857 | J193: 3.4222813 | N193: 2.03884 | O193: 0.73203884 | P193: 1.0804886 | Q193: 18733.741
A194: 2019Q1 | B194: =Levels!B194/(Levels!$R194*1000) -> 31.156131 | C194: =Levels!C194/(Levels!$R194*1000) -> 8724.8276 | D194: =Levels!D194/EXP(Levels!$J194) -> 388480.27 | E194: =Levels!E194/Levels!$Q194 -> 0.21366213 | F194: =Levels!F194/Levels!$Q194 -> 0.66978038 | G194: 1.2 | H194: 0.67691066 | I194: -0.40976085 | J194: 3.4346935 | N194: 1.74964 | O194: 0.74840093 | P194: 1.075019 | Q194: 18835.411
A195: 2019Q2 | B195: =Levels!B195/(Levels!$R195*1000) -> 31.48574 | C195: =Levels!C195/(Levels!$R195*1000) -> 8633.7889 | D195: =Levels!D195/EXP(Levels!$J195) -> 395271.35 | E195: =Levels!E195/Levels!$Q195 -> 0.21465924 | F195: =Levels!F195/Levels!$Q195 -> 0.67079808 | G195: 0.9 | H195: 0.54479063 | I195: -0.80106229 | J195: 3.4640026 | N195: 1.71145 | O195: 0.75787996 | P195: 1.0566545 | Q195: 18962.175
A196: 2019Q3 | B196: =Levels!B196/(Levels!$R196*1000) -> 31.827006 | C196: =Levels!C196/(Levels!$R196*1000) -> 9363.6843 | D196: =Levels!D196/EXP(Levels!$J196) -> 402130.61 | E196: =Levels!E196/Levels!$Q196 -> 0.21491953 | F196: =Levels!F196/Levels!$Q196 -> 0.66928839 | G196: 0.9 | H196: 0.38162375 | I196: -1.4312638 | J196: 3.4701439 | N196: 1.76013 | O196: 0.77991414 | P196: 1.0321904 | Q196: 19130.932
A197: 2019Q4 | B197: =Levels!B197/(Levels!$R197*1000) -> 32.093642 | C197: =Levels!C197/(Levels!$R197*1000) -> 9782.7088 | D197: =Levels!D197/EXP(Levels!$J197) -> 404794.26 | E197: =Levels!E197/Levels!$Q197 -> 0.2135384 | F197: =Levels!F197/Levels!$Q197 -> 0.66995198 | G197: 0.3 | H197: -0.12104452 | I197: -1.5352372 | J197: 3.4970156 | N197: 1.60197 | O197: 0.86146368 | P197: 1.0617334 | Q197: 19215.691
A198: 2020Q1 | B198: =Levels!B198/(Levels!$R198*1000) -> 32.963339 | C198: =Levels!C198/(Levels!$R198*1000) -> 11224.977 | D198: =Levels!D198/EXP(Levels!$J198) -> 12464788 | E198: =Levels!E198/Levels!$Q198 -> 0.21567802 | F198: =Levels!F198/Levels!$Q198 -> 0.66679208 | G198: -1.2 | H198: 0.1529329 | I198: -2.0854014 | N198: 1.69798 | O198: 1.1021311 | P198: 1.255331 | Q198: 18989.877
A199: 2020Q2 | B199: =Levels!B199/(Levels!$R199*1000) -> 33.623065 | C199: =Levels!C199/(Levels!$R199*1000) -> 13829.671 | D199: =Levels!D199/EXP(Levels!$J199) -> 13819702 | E199: =Levels!E199/Levels!$Q199 -> 0.21986888 | F199: =Levels!F199/Levels!$Q199 -> 0.65692895 | G199: -14.8 | H199: -1.1702578 | I199: -2.897584 | N199: 0.92868 | O199: 1.2622445 | P199: 1.2073905 | Q199: 17378.712
A200: 2020Q3 | B200: =Levels!B200/(Levels!$R200*1000) -> 33.820465 | C200: =Levels!C200/(Levels!$R200*1000) -> 14220.052 | D200: =Levels!D200/EXP(Levels!$J200) -> 14408631 | E200: =Levels!E200/Levels!$Q200 -> 0.21476169 | F200: =Levels!F200/Levels!$Q200 -> 0.66938711 | G200: -8.1 | H200: -1.2764725 | I200: -3.155955 | N200: 1.31248 | O200: 1.1058603 | P200: 1.1091884 | Q200: 18743.72
A201: 2020Q4 | B201: =Levels!B201/(Levels!$R201*1000) -> 34.149432 | C201: =Levels!C201/(Levels!$R201*1000) -> 14578.282 | D201: =Levels!D201/EXP(Levels!$J201) -> 15469163 | E201: =Levels!E201/Levels!$Q201 -> 0.22015279 | F201: =Levels!F201/Levels!$Q201 -> 0.66976639 | G201: -5.9 | H201: -1.6330068 | I201: -3.1688002 | N201: 1.38991 | O201: 0.98202026 | P201: 1.1207165 | Q201: 18924.262
A202: 2021Q1 | B202: =Levels!B202/(Levels!$R202*1000) -> 34.570285 | C202: =Levels!C202/(Levels!$R202*1000) -> 14597.987 | D202: =Levels!D202/EXP(Levels!$J202) -> 15545879 | E202: =Levels!E202/Levels!$Q202 -> 0.2203295 | F202: =Levels!F202/Levels!$Q202 -> 0.68131537 | G202: -3.2 | H202: -3.4297025 | I202: -2.9617554 | N202: 1.72591 | O202: 0.98388547 | P202: 1.0654355 | Q202: 19216.224
A203: 2021Q2 | B203: =Levels!B203/(Levels!$R203*1000) -> 34.888397 | C203: =Levels!C203/(Levels!$R203*1000) -> 14917.53 | D203: =Levels!D203/EXP(Levels!$J203) -> 16665376 | E203: =Levels!E203/Levels!$Q203 -> 0.21853018 | F203: =Levels!F203/Levels!$Q203 -> 0.69403484 | G203: 13.9 | H203: -3.8642137 | I203: -2.9926254 | N203: 3.48085 | O203: 0.93676372 | P203: 0.99641867 | Q203: 19544.248
A204: 2021Q3 | B204: =Levels!B204/(Levels!$R204*1000) -> 35.355617 | C204: =Levels!C204/(Levels!$R204*1000) -> 14511.031 | D204: =Levels!D204/EXP(Levels!$J204) -> 16900965 | E204: =Levels!E204/Levels!$Q204 -> 0.21663539 | F204: =Levels!F204/Levels!$Q204 -> 0.69727995 | G204: 6.6 | H204: -4.6739925 | I204: -3.3963825 | N204: 3.88937 | O204: 0.9074545 | P204: 0.9955019 | Q204: 19672.594
A205: 2021Q4 | B205: =Levels!B205/(Levels!$R205*1000) -> 36.020309 | C205: =Levels!C205/(Levels!$R205*1000) -> 15467.563 | D205: =Levels!D205/EXP(Levels!$J205) -> 17618092 | E205: =Levels!E205/Levels!$Q205 -> 0.2130808 | F205: =Levels!F205/Levels!$Q205 -> 0.69320795 | G205: 5.8 | H205: -5.2762226 | I205: -3.3066758 | N205: 4.72368 | O205: 0.89672798 | P205: 1.0323944 | Q205: 20006.181
A206: 2022Q1 | B206: =Levels!B206/(Levels!$R206*1000) -> 36.613914 | C206: =Levels!C206/(Levels!$R206*1000) -> 15058.591 | D206: =Levels!D206/EXP(Levels!$J206) -> 16226574 | E206: =Levels!E206/Levels!$Q206 -> 0.21554402 | F206: =Levels!F206/Levels!$Q206 -> 0.70174588 | G206: 5.5 | H206: -4.6696894 | I206: -2.908331 | N206: 5.3309 | O206: 0.93410944 | P206: 1.0684088 | Q206: 19924.088
A207: 2022Q2 | B207: =Levels!B207/(Levels!$R207*1000) -> 37.17333 | C207: =Levels!C207/(Levels!$R207*1000) -> 14378.984 | D207: =Levels!D207/EXP(Levels!$J207) -> 14336837 | E207: =Levels!E207/Levels!$Q207 -> 0.21303967 | F207: =Levels!F207/Levels!$Q207 -> 0.71001879 | G207: 4.5 | H207: -3.8612561 | I207: -1.8325914 | N207: 4.98227 | O207: 0.9673709 | P207: 1.1032376 | Q207: 19895.271
A208: 2022Q3 | B208: =Levels!B208/(Levels!$R208*1000) -> 37.68597 | C208: =Levels!C208/(Levels!$R208*1000) -> 13720.297 | D208: =Levels!D208/EXP(Levels!$J208) -> 13230809 | E208: =Levels!E208/Levels!$Q208 -> 0.21041535 | F208: =Levels!F208/Levels!$Q208 -> 0.70710979 | G208: 3.7 | H208: -2.1699975 | I208: -1.6098037 | N208: 4.94674 | O208: 0.96987189 | P208: 1.1487216 | Q208: 20054.663
A209: 2022Q4 | C209: =Levels!C209/(Levels!$R209*1000) -> 13633.806 | D209: =Levels!D209/EXP(Levels!$J209) -> 14223485 | E209: =Levels!E209/Levels!$Q209 -> 0.20789916 | F209: =Levels!F209/Levels!$Q209 -> 0.7024337 | G209: 2.5 | H209: -0.60644951 | I209: -0.80556202 | N209: 4.83906 | O209: 0.93875822 | P209: 1.1276439 | Q209: 20182.491
A210: 2023Q1 | C210: =Levels!C210/(Levels!$R210*1000) -> 13361.978 | D210: =Levels!D210/EXP(Levels!$J210) -> 15394878 | E210: =Levels!E210/Levels!$Q210 -> 0.20711121 | F210: =Levels!F210/Levels!$Q210 -> 0.70506529 | G210: 2.2 | H210: 0.22307516 | I210: -0.88260468 | N210: 4.65022 | O210: 0.9119806 | P210: 1.0728558 | Q210: 20282.76
A211: 2023Q2 | C211: =Levels!C211/(Levels!$R211*1000) -> 13583.963 | D211: =Levels!D211/EXP(Levels!$J211) -> 15704378 | E211: =Levels!E211/Levels!$Q211 -> 0.20870512 | F211: =Levels!F211/Levels!$Q211 -> 0.70105391 | G211: 1.2 | H211: 5.0760317 | I211: -0.81185571 | N211: 4.40757 | O211: 0.87383605 | P211: 1.0272409 | Q211: 20386.467

Sheet Levels
A1: date | B1: credit | C1: trsry security | D1: net worth | E1: GFCF | F1: cons | G1: hours | H1: Real 3m r | I1: Real 10y r | J1: logQ | K1: ret | L1: gz_spr | M1: ExcR | N1: infl | O1: JLN | P1: JLN_F | Q1: GDP | R1: price index | S1: unc_m shock | T1: ip shock | U1: unc_f shock | V1: pvt safe | W1: LI_leverage | X1: Fin_sector_leverage | Z1: equity_invcap | AA1: d_equity_invcap | AB1: vola_shock | AC1: ffr | AD1: ma_equity_invcap_mean
A2: 1971Q1 | B2: 992.141 | C2: 187095 | D2: 158782 | F2: 3107.2491 | G2: -2.1 | H2: -0.29790802 | I2: -0.49996228 | J2: 1.9854295 | K2: -0.1529786 | M2: 0.14492942 | N2: 0.16729428 | O2: 0.79096956 | P2: 0.97779341 | Q2: 5072.996 | R2: =R3/(1+N2/400) -> 0.86499827 | S2: -4.2005676 | T2: 3.5197163 | U2: 0.04792851 | V2: 889757 | X2: 1.0810484 | Z2: 0.732 | AA2: -0.006365103 | AB2: -0.99253557 | AC2: 3.8566667 | AD2: -0.011871578
A3: 1971Q2 | B3: 1022.64 | C3: 186166 | D3: 162516 | F3: 3132.4206 | G3: -0.5 | H3: -0.26339287 | I3: -0.33476317 | J3: 2.0035371 | K3: -0.2530461 | M3: 0.010346773 | N3: 0.49772333 | O3: 0.75466324 | P3: 0.93890474 | Q3: 5100.447 | R3: =R4/(1+N3/400) -> 0.86536005 | S3: 1.0692357 | T3: -1.3260017 | U3: -0.20350855 | V3: 920044 | X3: 1.0808628 | Z3: 0.721 | AA3: -0.0135 | AB3: 0.11138773 | AC3: 4.5666667 | AD3: -0.011629499 | AH3: =_xlfn.VAR.P(G7:G197)/_xlfn.VAR.P((AF7:AF197)) -> 0.14895883
A4: 1971Q3 | B4: 1046.928 | C4: 184513 | D4: 167176 | F4: 3148.7997 | G4: 0 | H4: -0.24268535 | I4: -0.17078911 | J4: 1.9910998 | K4: -0.37432899 | M4: -0.13164364 | N4: 0.16400189 | O4: 0.76033864 | P4: 0.94071234 | Q4: 5142.422 | R4: =R5/(1+N4/400) -> 0.86643682 | S4: -1.0795856 | T4: 0.29892608 | U4: 0.40864258 | V4: 945526 | X4: 1.0811185 | Z4: 0.721 | AA4: 0.000909091 | AB4: 0.30780088 | AC4: 5.4766667 | AD4: -0.0036406727 | AH4: =AVERAGE(AG7:AG198) -> 0.19241419
A5: 1971Q4 | B5: 1074.708 | C5: 193261 | D5: 173481 | F5: 3182.1609 | G5: 1.9 | H5: -0.20713732 | I5: -0.82348626 | J5: 1.9819173 | K5: -0.35322285 | M5: -0.14608553 | N5: 0.24469853 | O5: 0.75628188 | P5: 0.94820076 | Q5: 5154.547 | R5: =R6/(1+N5/400) -> 0.86679206 | S5: 2.3988313 | T5: -0.26675265 | U5: 0.47947588 | V5: 985069 | X5: 1.081091 | Z5: 0.724 | AA5: 0.031181818 | AB5: -0.071932089 | AC5: 4.75 | AD5: 0.028613195
A6: 1972Q1 | B6: 1095.525 | C6: 192793 | D6: 180457 | E6: 908.537 | F6: 3226.2103 | G6: 2.6 | H6: -0.16536653 | I6: -0.74157349 | J6: 2.0227773 | K6: -0.73939461 | M6: -0.57402808 | N6: 0.24291625 | O6: 0.74905767 | P6: 0.89377227 | Q6: 5249.337 | R6: =R7/(1+N6/400) -> 0.86732232 | S6: 0.55881061 | T6: 2.908896 | U6: -3.6705217 | V6: 1010651 | X6: 1.0822555 | Z6: 0.723 | AA6: -0.030136364 | AB6: -0.50540096 | AC6: 3.5466667 | AD6: 0.0023036362 | AF6: =(J6-J2)*100 -> 3.7347771 | AG6: =G6/AF6 -> 0.69615935 | AH6: =(LOG(Q6)-LOG(Q2))*100 -> 1.4839935
A7: 1972Q2 | B7: 1135.65 | C7: 192066 | D7: 182764 | E7: 919.345 | F7: 3276.5467 | G7: 3 | H7: -0.12881941 | I7: -0.69670607 | J7: 2.0331158 | K7: -0.84409953 | M7: -0.71528011 | N7: 0.24096479 | O7: 0.72086478 | P7: 0.86197468 | Q7: 5368.485 | R7: =R8/(1+N7/400) -> 0.86784904 | S7: -0.6140998 | T7: -1.344592 | U7: 0.18384939 | V7: 1045746 | X7: 1.0807861 | Z7: 0.735 | AA7: 0.005592246 | AB7: 0.013378271 | AC7: 4.3 | AD7: -0.023576011 | AF7: =(J7-J3)*100 -> 2.9578686 | AG7: =G7/AF7 -> 1.0142439 | AH7: =(LOG(Q7)-LOG(Q3))*100 -> 2.2243505
A8: 1972Q3 | B8: 1163.951 | C8: 190045 | D8: 189368 | E8: 917.59 | F8: 3329.6378 | G8: 3.5 | H8: -0.10706764 | I8: -0.61610667 | J8: 2.0413836 | K8: -0.81547068 | M8: -0.70840304 | N8: 0.31879168 | O8: 0.7574092 | P8: 0.88100813 | Q8: 5419.184 | R8: =R9/(1+N8/400) -> 0.86837184 | S8: 1.5322161 | T8: -0.045506628 | U8: -0.029725928 | V8: 1071183 | X8: 1.08161 | Z8: 0.738 | AA8: 0.000804988 | AB8: -0.0076880759 | AC8: 4.7433333 | AD8: -0.019333254 | AF8: =(J8-J4)*100 -> 5.0283772 | AG8: =G8/AF8 -> 0.69604961 | AH8: =(LOG(Q8)-LOG(Q4))*100 -> 2.2766184
A9: 1972Q4 | B9: 1205.632 | C9: 198789 | D9: 198978 | E9: 956.775 | F9: 3410.2999 | G9: 3.5 | H9: -0.070822023 | I9: -0.59691595 | J9: 2.0655566 | K9: -0.47116967 | M9: -0.40034764 | N9: 0.31577169 | O9: 0.78272069 | P9: 0.9260483 | Q9: 5509.926 | R9: =R10/(1+N9/400) -> 0.86906391 | S9: 4.0139768 | T9: 0.10468662 | U9: -0.21161094 | V9: 1125463 | X9: 1.0822083 | Z9: 0.725 | AA9: 0.02 | AB9: -0.7985377 | AC9: 5.1466667 | AD9: -0.01032468 | AF9: =(J9-J5)*100 -> 8.3639254 | AG9: =G9/AF9 -> 0.4184638 | AH9: =(LOG(Q9)-LOG(Q5))*100 -> 2.8955262
A10: 1973Q1 | B10: 1240.613 | C10: 195692 | D10: 206358 | E10: 996.161 | F10: 3488.2415 | G10: 3.9 | H10: -0.015325944 | I10: -0.41931273 | J10: 2.0605947 | K10: -0.17466382 | L10: 0.8896 | M10: -0.15933788 | N10: 0.62397347 | O10: 0.82162467 | P10: 1.0025217 | Q10: 5646.286 | R10: =R11/(1+N10/400) -> 0.86974998 | S10: 1.6886504 | T10: 0.6921871 | U10: 0.30885107 | V10: 1154730 | X10: 1.0839079 | Z10: 0.714 | AA10: -0.020186796 | AB10: 1.491565 | AC10: 6.5366667 | AD10: 0.033388641 | AF10: =(J10-J6)*100 -> 3.7817451 | AG10: =G10/AF10 -> 1.0312699 | AH10: =(LOG(Q10)-LOG(Q6))*100 -> 3.1658418
A11: 1973Q2 | B11: 1288.128 | C11: 194460 | D11: 211089 | E11: 996.956 | F11: 3529.2354 | G11: 4.2 | H11: 0.021298079 | I11: -0.26696048 | J11: 2.0294043 | K11: 0.29158209 | L11: 0.8471 | M11: 0.27028401 | N11: 0.68809511 | O11: 0.85461162 | P11: 1.0680409 | Q11: 5707.755 | R11: =R12/(1+N11/400) -> 0.87110673 | S11: 1.8592563 | T11: -1.2523708 | U11: 1.3124441 | V11: 1198098 | X11: 1.0837055 | Z11: 0.711 | AA11: -0.017608958 | AB11: 0.95301059 | AC11: 7.8166667 | AD11: 0.021323124 | AF11: =(J11-J7)*100 -> -0.37114728 | AG11: =G11/AF11 -> -11.316262 | AH11: =(LOG(Q11)-LOG(Q7))*100 -> 2.6613579
A12: 1973Q3 | B12: 1328.508 | C12: 191718 | D12: 227144 | E12: 988.511 | F12: 3575.104 | G12: 4.3 | H12: 0.054077372 | I12: 0.12014968 | J12: 2.0268212 | K12: 0.27369989 | L12: 0.6955 | M12: 0.21962252 | N12: 0.75128097 | O12: 0.94089069 | P12: 1.1392991 | Q12: 5677.738 | R12: =R13/(1+N12/400) -> 0.87260524 | S12: 3.5375632 | T12: 0.26813095 | U12: 1.2148524 | V12: 1215757 | X12: 1.0876951 | Z12: 0.726 | AA12: 0.006914194 | AB12: -0.52173465 | AC12: 10.56 | AD12: 0.025083577 | AF12: =(J12-J8)*100 -> -1.4562414 | AG12: =G12/AF12 -> -2.9528071 | AH12: =(LOG(Q12)-LOG(Q8))*100 -> 2.0241451
A13: 1973Q4 | B13: 1364.255 | C13: 199690 | D13: 226460 | E13: 982.628 | F13: 3600.9919 | G13: 3.8 | H13: 0.099400787 | I13: -0.34416786 | J13: 1.9926584 | K13: 0.48129295 | L13: 1.0661 | M13: 0.38189216 | N13: 0.73214842 | O13: 0.94060057 | P13: 1.1964164 | Q13: 5731.632 | R13: =R14/(1+N13/400) -> 0.87424417 | S13: 1.7073099 | T13: 0.11346682 | U13: -1.9173436 | V13: 1272268 | X13: 1.0851957 | Z13: 0.736 | AA13: 0.011951125 | AB13: 3.2358203 | AC13: 9.9966667 | AD13: -0.023258884 | AF13: =(J13-J9)*100 -> -7.2898157 | AG13: =G13/AF13 -> -0.52127518 | AH13: =(LOG(Q13)-LOG(Q9))*100 -> 1.7132533
A14: 1974Q1 | B14: 1389.677 | C14: 197033 | D14: 234288 | E14: 973.878 | F14: 3630.8792 | G14: 1.8 | H14: 0.14696107 | I14: -0.038360527 | J14: 1.9806951 | K14: 0.57698054 | L14: 0.9828 | M14: 0.43001946 | N14: 1.1415137 | O14: 0.92797056 | P14: 1.1147487 | Q14: 5682.353 | R14: =R15/(1+N14/400) -> 0.87584436 | S14: -0.36504646 | T14: -0.73052763 | U14: -0.10677294 | V14: 1292853 | X14: 1.0866321 | Z14: 0.712 | AA14: 0.03928495 | AB14: -1.0169709 | AC14: 9.3233333 | AD14: -0.0080833953 | AF14: =(J14-J10)*100 -> -7.9899653 | AG14: =G14/AF14 -> -0.22528258 | AH14: =(LOG(Q14)-LOG(Q10))*100 -> 0.27653369
A15: 1974Q2 | B15: 1441.086 | C15: 197109 | D15: 239675 | E15: 970.429 | F15: 3692.3401 | G15: 1 | H15: 0.19678439 | I15: 0.49468238 | J15: 1.9427892 | K15: 0.75252262 | L15: 1.1519 | M15: 0.55573823 | N15: 0.8304851 | O15: 0.93079601 | P15: 1.1263069 | Q15: 5695.859 | R15: =R16/(1+N15/400) -> 0.87834383 | S15: 1.4758472 | T15: 0.14781982 | U15: 1.8949369 | V15: 1335614 | X15: 1.0862854 | Z15: 0.713 | AA15: -0.011692308 | AB15: 2.7618788 | AC15: 11.25 | AD15: -0.010455564 | AF15: =(J15-J11)*100 -> -8.6615067 | AG15: =G15/AF15 -> -0.11545335 | AH15: =(LOG(Q15)-LOG(Q11))*100 -> -0.090609328
A16: 1974Q3 | B16: 1478.518 | C16: 196141 | D16: 229796 | E16: 953.837 | F16: 3741.7166 | G16: 0 | H16: 0.2545099 | I16: 0.98917161 | J16: 1.8519564 | K16: 1.4335446 | L16: 1.9156 | M16: 1.1790347 | N16: 1.0769671 | O16: 0.95943359 | P16: 1.2085358 | Q16: 5642.025 | R16: =R17/(1+N16/400) -> 0.88016746 | S16: 0.85070264 | T16: -0.83917508 | U16: 3.4635749 | V16: 1352022 | X16: 1.0811934 | Z16: 0.713 | AA16: -0.004124758 | AB16: 3.8256053 | AC16: 12.09 | AD16: -0.012828439 | AF16: =(J16-J12)*100 -> -17.486476 | AG16: =G16/AF16 -> 0 | AH16: =(LOG(Q16)-LOG(Q12))*100 -> -0.27403419
A17: 1974Q4 | B17: 1511.787 | C17: 202170 | D17: 241729 | E17: 911.379 | F17: 3699.7297 | G17: -2.1 | H17: 0.32648418 | I17: 0.80944859 | J17: 1.8411448 | K17: 1.5758592 | L17: 2.0764 | M17: 1.249375 | N17: 0.84920673 | O17: 0.99742135 | P17: 1.255074 | Q17: 5620.126 | R17: =R18/(1+N17/400) -> 0.88253724 | S17: -5.758001 | T17: -5.0263148 | U17: 3.9206876 | V17: 1384273 | X17: 1.0837451 | Z17: 0.7155 | AA17: -0.050898319 | AB17: -1.56373 | AC17: 9.3466667 | AD17: -0.0022248579 | AF17: =(J17-J13)*100 -> -15.15136 | AG17: =G17/AF17 -> 0.13860142 | AH17: =(LOG(Q17)-LOG(Q13))*100 -> -0.85322464
A18: 1975Q1 | B18: 1520.198 | C18: 213894 | D18: 254484 | E18: 876.76 | F18: 3709.2438 | G18: -4.7 | H18: 0.36324663 | I18: 0.82049095 | J18: 1.8958234 | K18: 1.4959458 | L18: 1.415 | M18: 1.1326991 | N18: 0.51135438 | O18: 0.95919584 | P18: 1.2120658 | Q18: 5551.713 | R18: =R19/(1+N18/400) -> 0.88441088 | S18: -4.7871748 | T18: 1.5937692 | U18: -0.98702404 | V18: 1408752 | X18: 1.0863418 | Z18: 0.68 | AA18: -0.0056 | AB18: -0.42944659 | AC18: 6.3033333 | AD18: 0.0044844086 | AF18: =(J18-J14)*100 -> -8.4871671 | AG18: =G18/AF18 -> 0.55377725 | AH18: =(LOG(Q18)-LOG(Q14))*100 -> -1.0101203
A19: 1975Q2 | B19: 1546.981 | C19: 231258 | D19: 265915 | E19: 856.806 | F19: 3722.0426 | G19: -5.9 | H19: 0.38711146 | I19: 1.4727936 | J19: 1.9536194 | K19: 1.2809491 | L19: 1.2315 | M19: 0.89383769 | N19: 0.5661647 | O19: 0.89676815 | P19: 1.0760006 | Q19: 5591.382 | R19: =R20/(1+N19/400) -> 0.8855415 | S19: 2.1712544 | T19: -1.2464274 | U19: -0.40670207 | V19: 1448180 | X19: 1.0882972 | Z19: 0.709 | AA19: -0.015675 | AB19: -0.87082344 | AC19: 5.42 | AD19: -0.0073048033 | AF19: =(J19-J15)*100 -> 1.0830127 | AG19: =G19/AF19 -> -5.4477662 | AH19: =(LOG(Q19)-LOG(Q15))*100 -> -0.80400659
A20: 1975Q3 | B20: 1573.134 | C20: 243947 | D20: 260191 | E20: 887.954 | F20: 3760.3223 | G20: -4.7 | H20: 0.430784 | I20: 1.8322875 | J20: 1.9360159 | K20: 1.4534452 | L20: 1.1963 | M20: 1.0226612 | N20: 0.61879701 | O20: 0.84630793 | P20: 1.0188284 | Q20: 5687.087 | R20: =R21/(1+N20/400) -> 0.88679491 | S20: 0.74547589 | T20: 2.9214341 | U20: -0.75612229 | V20: 1463536 | X20: 1.0850389 | Z20: 0.6905 | AA20: -0.003925 | AB20: 1.6185268 | AC20: 6.16 | AD20: 0.0063287292 | AF20: =(J20-J16)*100 -> 8.4059453 | AG20: =G20/AF20 -> -0.55912808 | AH20: =(LOG(Q20)-LOG(Q16))*100 -> 0.34548659
A21: 1975Q4 | B21: 1607.743 | C21: 256353 | D21: 269392 | E21: 909.903 | F21: 3792.3721 | G21: -1.5 | H21: 0.45991454 | I21: 1.6964956 | J21: 1.9512519 | K21: 1.5485802 | L21: 1.0724 | M21: 1.0886656 | N21: 0.54657055 | O21: 0.79199991 | P21: 1.0004591 | Q21: 5763.665 | R21: =R22/(1+N21/400) -> 0.88816677 | S21: 0.72190291 | T21: -0.28344698 | U21: 0.83826267 | V21: 1512822 | X21: 1.0856769 | Z21: 0.6945 | AA21: 0.00485 | AB21: -0.24768794 | AC21: 5.4133333 | AD21: -0.0037410724 | AF21: =(J21-J17)*100 -> 11.010705 | AG21: =G21/AF21 -> -0.13623106 | AH21: =(LOG(Q21)-LOG(Q17))*100 -> 1.0952678
... A40: 1980Q3 | B40: 2812.025 | C40: 395531 | D40: 500791 | E40: 1148.86 | F40: 4500.9195 | G40: -2.3 | H40: 0.94797981 | I40: 5.9424816 | J40: 2.1027895 | K40: 2.3819634 | L40: 0.9247 | M40: 1.4339836 | N40: 0.52195001 | O40: 1.0734773 | P40: 0.97575651 | Q40: 6693.082 | R40: =R41/(1+N40/400) -> 0.9195406 | S40: 4.8543296 | T40: 0.40998356 | U40: -3.1589249 | V40: 2631280 | X40: 1.0957864 | Z40: 0.655 | AA40: 0.000666666 | AB40: 1.3462803 | AC40: 9.8366667 | AD40: -0.0014538257 | AF40: =(J40-J36)*100 -> 7.4139357 | AG40: =G40/AF40 -> -0.31022659 | AH40: =(LOG(Q40)-LOG(Q36))*100 -> -0.71099457
A41: 1980Q4 | B41: 2894.875 | C41: 396289 | D41: 517389 | E41: 1184.951 | F41: 4568.3635 | G41: -1.2 | H41: 0.9536647 | I41: 7.5347326 | J41: 2.1290306 | K41: 2.109144 | L41: 0.9151 | M41: 1.1554793 | N41: 0.90450839 | O41: 1.0269331 | P41: 0.94474727 | Q41: 6817.903 | R41: =R42/(1+N41/400) -> 0.92074048 | S41: 3.7112981 | T41: -0.66733789 | U41: -1.7492748 | V41: 2726792 | W41: 22.358617 | X41: 1.0956618 | Y41: =_xlfn.STDEV.P(W41:W44) -> 0.87731509 | Z41: 0.653 | AA41: -0.008619047 | AB41: 0.1402365 | AC41: 15.853333 | AD41: -0.016952831 | AF41: =(J41-J37)*100 -> 10.48318 | AG41: =G41/AF41 -> -0.11446908 | AH41: =(LOG(Q41)-LOG(Q37))*100 -> -0.016997971
A42: 1981Q1 | B42: 2938.914 | C42: 423913 | D42: 531888 | E42: 1201.243 | F42: 4591.5242 | G42: -0.4 | H42: 0.95936038 | I42: 8.2256026 | J42: 2.1189736 | K42: 2.5209274 | L42: 0.9187 | M42: 1.561567 | N42: 0.84273353 | O42: 1.0163667 | P42: 0.92260368 | Q42: 6951.495 | R42: =R43/(1+N42/400) -> 0.92282252 | S42: -1.9293084 | T42: -0.22506821 | U42: -0.57680168 | V42: 2804729 | W42: 22.360954 | X42: 1.0962151 | Y42: =_xlfn.STDEV.P(W42:W45) -> 0.88892155 | Z42: 0.672 | AA42: 0.012047619 | AB42: -0.70313636 | AC42: 16.57 | AD42: 0.0030625663 | AF42: =(J42-J38)*100 -> 7.6737785 | AG42: =G42/AF42 -> -0.05212556 | AH42: =(LOG(Q42)-LOG(Q38))*100 -> 0.68936215
A43: 1981Q2 | B43: 3034.358 | C43: 418996 | D43: 542713 | E43: 1201.53 | F43: 4561.531 | G43: 1.5 | H43: 0.94586275 | I43: 9.1581014 | J43: 2.1201178 | K43: 2.662997 | L43: 1.0609 | M43: 1.7171343 | N43: 0.78482294 | O43: 1.0094961 | P43: 0.91077231 | Q43: 6899.98 | R43: =R44/(1+N43/400) -> 0.92476676 | S43: 1.6972631 | T43: -0.72447344 | U43: -1.2017454 | V43: 2880892 | W43: 22.403535 | X43: 1.0954336 | Y43: =_xlfn.STDEV.P(W43:W46) -> 1.7287282 | Z43: 0.687 | AA43: -0.004642857 | AB43: 0.046531181 | AC43: 17.78 | AD43: 0.00097319221 | AF43: =(J43-J39)*100 -> 7.4444192 | AG43: =G43/AF43 -> 0.20149322 | AH43: =(LOG(Q43)-LOG(Q39))*100 -> 1.2705233
A44: 1981Q3 | B44: 3115.275 | C44: 436699 | D44: 542319 | E44: 1197.764 | F44: 4554.6706 | G44: 1.9 | H44: 0.93587645 | I44: 10.39121 | J44: 2.0880155 | K44: 2.9623774 | L44: 1.0025 | M44: 2.0265009 | N44: 0.94767539 | O44: 1.00587 | P44: 0.95476983 | Q44: 6982.609 | R44: =R45/(1+N44/400) -> 0.9265812 | S44: 0.40799323 | T44: -1.8674344 | U44: 0.35005574 | V44: 2967854 | W44: 24.40002 | X44: 1.0926419 | Y44: =_xlfn.STDEV.P(W44:W47) -> 2.0917108 | Z44: 0.655 | AA44: -0.010642857 | AB44: 1.3330723 | AC44: 17.576667 | AD44: 0.00076998275 | AF44: =(J44-J40)*100 -> -1.4773968 | AG44: =G44/AF44 -> -1.2860459 | AH44: =(LOG(Q44)-LOG(Q40))*100 -> 1.8391578
A45: 1981Q4 | B45: 3185.024 | C45: 468581 | D45: 558796 | E45: 1200.996 | F45: 4495.4954 | G45: 0.2 | H45: 0.90070704 | I45: 9.797838 | J45: 2.0911363 | K45: 2.987479 | L45: 1.2755 | M45: 2.0867719 | N45: 0.28532073 | O45: 1.0118919 | P45: 0.93622252 | Q45: 6906.529 | R45: =R46/(1+N45/400) -> 0.92877645 | S45: -3.025595 | T45: -2.2739214 | U45: -0.88778327 | V45: 3122261 | W45: 22.284087 | X45: 1.0921866 | Y45: =_xlfn.STDEV.P(W45:W48) -> 2.0845536 | Z45: 0.662 | AA45: -0.014958526 | AB45: 0.51262904 | AC45: 13.586667 | AD45: -0.0051487746 | AF45: =(J45-J41)*100 -> -3.7894293 | AG45: =G45/AF45 -> -0.052778396 | AH45: =(LOG(Q45)-LOG(Q41))*100 -> 0.56090216
A46: 1982Q1 | B46: 3231.285 | C46: 488860 | D46: 564270 | E46: 1168.917 | F46: 4496.4744 | G46: -2.1 | H46: 0.864554 | I46: 10.062422 | J46: 2.0575478 | K46: 3.2456478 | L46: 1.3647 | M46: 2.3810938 | N46: 0.17719144 | O46: 1.018807 | P46: 0.91682962 | Q46: 6799.233 | R46: =R47/(1+N46/400) -> 0.92943895 | S46: -0.47249076 | T46: 1.5338543 | U46: 0.12816432 | V46: 3174601 | W46: 26.517902 | X46: 1.091685 | Y46: =_xlfn.STDEV.P(W46:W49) -> 1.579708 | Z46: 0.6575 | AA46: 0.008637097 | AB46: -1.1371215 | AC46: 14.226667 | AD46: 0.00030904094 | AF46: =(J46-J42)*100 -> -6.1425877 | AG46: =G46/AF46 -> 0.34187546 | AH46: =(LOG(Q46)-LOG(Q42))*100 -> -0.96182906
A47: 1982Q2 | B47: 3303.72 | C47: 489932 | D47: 568001 | E47: 1143.141 | F47: 4473.3436 | G47: -1.7 | H47: 0.82663204 | I47: 9.8382992 | J47: 2.0526892 | K47: 3.3245311 | L47: 1.3167 | M47: 2.497899 | N47: 0.87475224 | O47: 0.97206958 | P47: 0.94059797 | Q47: 6830.251 | R47: =R48/(1+N47/400) -> 0.92985067 | S47: -1.4216617 | T47: -2.3032458 | U47: 1.6264403 | V47: 3274192 | W47: 27.774771 | X47: 1.0898129 | Y47: =_xlfn.STDEV.P(W47:W50) -> 2.2858784 | Z47: 0.667 | AA47: -0.0040625 | AB47: -0.54074285 | AC47: 14.513333 | AD47: 0.01444605 | AF47: =(J47-J43)*100 -> -6.7428621 | AG47: =G47/AF47 -> 0.25211846 | AH47: =(LOG(Q47)-LOG(Q43))*100 -> -0.44111684
A48: 1982Q3 | B48: 3351.038 | C48: 535841 | D48: 584471 | E48: 1121.696 | F48: 4500.0533 | G48: -2.4 | H48: 0.80477978 | I48: 9.0984286 | J48: 2.0836197 | K48: 3.2953811 | L48: 1.4723 | M48: 2.4906013 | N48: 0.30843347 | O48: 0.94575345 | P48: 1.0068241 | Q48: 6804.139 | R48: =R49/(1+N48/400) -> 0.93188414 | S48: -2.3746653 | T48: 1.1564377 | U48: 2.2141464 | V48: 3376380 | W48: 26.577959 | X48: 1.0897577 | Y48: =_xlfn.STDEV.P(W48:W51) -> 2.1945323 | Z48: 0.67 | AA48: 0.00078869 | AB48: 4.5193036 | AC48: 11.006667 | AD48: 0.012009587 | AF48: =(J48-J44)*100 -> -0.43958653 | AG48: =G48/AF48 -> 5.4596759 | AH48: =(LOG(Q48)-LOG(Q44))*100 -> -1.1244547
A49: 1982Q4 | B49: 3405.496 | C49: 591020 | D49: 629356 | E49: 1129.354 | F49: 4557.0992 | G49: -2.8 | H49: 0.76318817 | I49: 6.7349724 | J49: 2.1422282 | K49: 2.8730823 | L49: 1.4575 | M49: 2.1098942 | N49: -0.10179804 | O49: 0.91078784 | P49: 1.0069462 | Q49: 6806.857 | R49: =R50/(1+N49/400) -> 0.9326027 | S49: -1.6930451 | T49: -2.6836457 | U49: -0.92759025 | V49: 3467407 | W49: 23.497267 | X49: 1.0938163 | Y49: =_xlfn.STDEV.P(W49:W52) -> 1.0426176 | Z49: 0.6775 | AA49: -0.004119047 | AB49: -0.41807029 | AC49: 9.2866667 | AD49: -0.038358509 | AF49: =(J49-J45)*100 -> 5.1091962 | AG49: =G49/AF49 -> -0.54803141 | AH49: =(LOG(Q49)-LOG(Q45))*100 -> -0.63132128
A50: 1983Q1 | B50: 3446.797 | C50: 620182 | D50: 640179 | E50: 1150.482 | F50: 4572.1045 | G50: -0.6 | H50: 0.71539061 | I50: 6.7021344 | J50: 2.1691834 | K50: 2.7376199 | L50: 1.0814 | M50: 2.0222293 | N50: 0.10238917 | O50: 0.87690196 | P50: 0.94020379 | Q50: 6896.561 | R50: =R51/(1+N50/400) -> 0.93236536 | S50: 1.1467868 | T50: 2.6345384 | U50: -1.0335219 | V50: 3519264 | W50: 22.092377 | X50: 1.0935975 | Y50: =_xlfn.STDEV.P(W50:W53) -> 0.61462193 | Z50: 0.671 | AA50: 0.003333333 | AB50: -1.2808507 | AC50: 8.6533333 | AD50: -0.002479076 | AF50: =(J50-J46)*100 -> 11.163563 | AG50: =G50/AF50 -> -0.05374628 | AH50: =(LOG(Q50)-LOG(Q46))*100 -> 0.61726578
A51: 1983Q2 | B51: 3538.19 | C51: 636304 | D51: 640790 | E51: 1186.91 | F51: 4640.6962 | G51: 0.1 | H51: 0.69338225 | I51: 6.7680574 | J51: 2.2142025 | K51: 2.4897534 | L51: 0.8462 | M51: 1.7963711 | N51: 0.54198465 | O51: 0.82073508 | P51: 0.90969026 | Q51: 7053.5 | R51: =R52/(1+N51/400) -> 0.93260402 | S51: 0.97786839 | T51: 0.83570919 | U51: -1.465098 | V51: 3616075 | W51: 20.643027 | X51: 1.0906656 | Y51: =_xlfn.STDEV.P(W51:W54) -> 1.0273062 | Z51: 0.666 | AA51: 0.002053426 | AB51: 1.1767909 | AC51: 8.8033333 | AD51: -0.0014557321 | AF51: =(J51-J47)*100 -> 16.151336 | AG51: =G51/AF51 -> 0.0061914384 | AH51: =(LOG(Q51)-LOG(Q47))*100 -> 1.3968007
A52: 1983Q3 | B52: 3635.939 | C52: 676676 | D52: 666066 | E52: 1248.512 | F52: 4725.0047 | G52: 2.8 | H52: 0.67003599 | I52: 7.9169536 | J52: 2.2194518 | K52: 2.5606658 | L52: 0.7822 | M52: 1.8906298 | N52: 0.40043745 | O52: 0.79068312 | P52: 0.8812983 | Q52: 7194.504 | R52: =R53/(1+N52/400) -> 0.93386766 | S52: 2.4339858 | T52: 1.4932135 | U52: -1.7133386 | V52: 3723434 | W52: 21.47254 | X52: 1.091588 | Y52: =_xlfn.STDEV.P(W52:W55) -> 1.0543238 | Z52: 0.656 | AA52: -0.002529616 | AB52: -0.97507169 | AC52: 9.46 | AD52: 0.012685368 | AF52: =(J52-J48)*100 -> 13.583213 | AG52: =G52/AF52 -> 0.20613679 | AH52: =(LOG(Q52)-LOG(Q48))*100 -> 2.4227681
... A160: 2010Q3 | B160: 23971.201 | C160: 3964511 | D160: 7404478 | E160: 2856.404 | F160: 10530.075 | G160: 1.4 | H160: -0.29606973 | I160: 1.1854427 | J160: 3.0517124 | K160: 2.9467248 | L160: 2.5012 | M160: 3.2427945 | N160: 0.072448119 | O160: 0.75654172 | P160: 1.0855742 | Q160: 15726.282 | R160: =R161/(1+N160/400) -> 0.99710068 | S160: 0.019147689 | T160: 0.60358029 | U160: -0.48659862 | V160: 22261527 | W160: 17.523595 | X160: 1.1119478 | Y160: =_xlfn.STDEV.P(W160:W163) -> 0.72751029 | Z160: 0.501 | AA160: 0.002978873 | AB160: -0.77002336 | AC160: 0.18666667 | AD160: -0.0036807405 | AF160: =(J160-J156)*100 -> 3.4523235 | AG160: =G160/AF160 -> 0.40552399 | AH160: =(LOG(Q160)-LOG(Q156))*100 -> 1.4307093
A161: 2010Q4 | B161: 23930.797 | C161: 4295130 | D161: 7355891 | E161: 2892.01 | F161: 10625.467 | G161: 2 | H161: -0.29329627 | I161: 1.2714216 | J161: 3.0863683 | K161: 2.8248676 | M161: 3.1181639 | N161: 0.11280954 | O161: 0.74815231 | P161: 0.99033145 | Q161: 15807.995 | R161: =R162/(1+N161/400) -> 0.99728127 | S161: 1.1490887 | T161: -2.1975647 | U161: -2.6184163 | V161: 22406235 | W161: 15.916132 | X161: 1.1090255 | Y161: =_xlfn.STDEV.P(W161:W164) -> 1.0023181 | Z161: 0.538 | AA161: 0.016438935 | AB161: -1.5888105 | AC161: 0.18666667 | AD161: 0.014428413 | AF161: =(J161-J157)*100 -> 4.5304044 | AG161: =G161/AF161 -> 0.44146169 | AH161: =(LOG(Q161)-LOG(Q157))*100 -> 1.1944316
A162: 2011Q1 | B162: 23905.808 | C162: 4578993 | D162: 7516903 | E162: 2875.086 | F162: 10726.621 | G162: 1.9 | H162: -0.29198153 | I162: 1.7934177 | J162: 3.114827 | K162: 2.8138993 | M162: 3.1058809 | N162: 0.6481889 | O162: 0.75664864 | P162: 0.921221 | Q162: 15769.911 | R162: =R163/(1+N162/400) -> 0.99756253 | S162: -1.0833278 | T162: 0.34972921 | U162: -1.0523799 | V162: 22476510 | W162: 15.758819 | X162: 1.1090519 | Y162: =_xlfn.STDEV.P(W162:W165) -> 0.97475963 | Z162: 0.548 | AA162: 0.005835439 | AB162: -0.93220479 | AC162: 0.15666667 | AD162: 0.0008042664 | AF162: =(J162-J158)*100 -> 6.5104673 | AG162: =G162/AF162 -> 0.29183773 | AH162: =(LOG(Q162)-LOG(Q158))*100 -> 0.87304754
A163: 2011Q2 | B163: 23919.517 | C163: 4650519 | D163: 7585566 | E163: 2919.513 | F163: 10811.283 | G163: 2.2 | H163: -0.31039189 | I163: 1.4730155 | J163: 3.1207139 | K163: 2.9863874 | M163: 3.2967793 | N163: 0.335755 | O163: 0.75238606 | P163: 0.93018129 | Q163: 15876.839 | R163: =R164/(1+N163/400) -> 0.99917905 | S163: 0.081994043 | T163: 0.39988548 | U163: 2.3896843 | V163: 22811407 | W163: 15.871149 | X163: 1.1090917 | Y163: =_xlfn.STDEV.P(W163:W166) -> 1.824967 | Z163: 0.553 | AA163: 0.002206753 | AB163: 0.39393526 | AC163: 0.093333333 | AD163: 0.0010676411 | AF163: =(J163-J159)*100 -> 7.1338415 | AG163: =G163/AF163 -> 0.30838925 | AH163: =(LOG(Q163)-LOG(Q159))*100 -> 0.74827906
A164: 2011Q3 | B164: 23944.046 | C164: 5013881 | D164: 7549266 | E164: 3008.949 | F164: 10853.601 | G164: 2.1 | H164: -0.33367485 | I164: 0.60908899 | J164: 3.0750807 | K164: 3.3299777 | M164: 3.6636525 | N164: 0.17206989 | O164: 0.7598232 | P164: 1.0446978 | Q164: 15870.684 | R164: =R165/(1+N164/400) -> 1.0000177 | S164: 0.6461623 | T164: 2.9440565 | U164: 3.3809634 | V164: 22840634 | W164: 18.15967 | X164: 1.1110805 | Y164: =_xlfn.STDEV.P(W164:W167) -> 2.1817312 | Z164: 0.563 | AA164: 0.00436 | AB164: 4.8862021 | AC164: 0.083333333 | AD164: 0.00080781882 | AF164: =(J164-J160)*100 -> 2.3368301 | AG164: =G164/AF164 -> 0.89865326 | AH164: =(LOG(Q164)-LOG(Q160))*100 -> 0.39695855
A165: 2011Q4 | B165: 24037.535 | C165: 5343698 | D165: 7675270 | E165: 3067.232 | F165: 10859.145 | G165: 2.4 | H165: -0.37477652 | I165: 0.15771512 | J165: 3.0916111 | K165: 3.335041 | M165: 3.7098175 | N165: -0.17909201 | O165: 0.73770689 | P165: 1.0180619 | Q165: 16048.702 | R165: =R166/(1+N165/400) -> 1.0004479 | S165: -0.60875249 | T165: 0.32447596 | U165: -4.6667844 | V165: 23087102 | W165: 17.011727 | X165: 1.1114761 | Y165: =_xlfn.STDEV.P(W165:W168) -> 1.5509293 | Z165: 0.598 | AA165: 0.01364 | AB165: -2.1133242 | AC165: 0.073333333 | AD165: 0.0078188391 | AF165: =(J165-J161)*100 -> 0.5242794 | AG165: =G165/AF165 -> 4.5777118 | AH165: =(LOG(Q165)-LOG(Q161))*100 -> 0.65631231
A166: 2012Q1 | B166: 24068.553 | C166: 5735451 | D166: 8452783 | E166: 3129.95 | F166: 10959.3 | G166: 3.1 | H166: -0.41484571 | I166: 0.076403333 | J166: 3.1293495 | K166: 2.9741716 | M166: 3.3890173 | N166: 0.54659079 | O166: 0.71559723 | P166: 0.91206994 | Q166: 16179.968 | R166: 1 | S166: -0.83450165 | T166: 0.10112817 | U166: -0.32687477 | V166: 23464432 | W166: 13.236468 | X166: 1.1194556 | Y166: =_xlfn.STDEV.P(W166:W169) -> 2.2870649 | Z166: 0.594 | AA166: -0.0058 | AB166: -1.1722363 | AC166: 0.10333333 | AD166: -0.003727485 | AF166: =(J166-J162)*100 -> 1.4522461 | AG166: =G166/AF166 -> 2.1346244 | AH166: =(LOG(Q166)-LOG(Q162))*100 -> 1.1148416
A167: 2012Q2 | B167: 24133.947 | C167: 5789427 | D167: 8577375 | E167: 3177.218 | F167: 10953.83 | G167: 2.2 | H167: -0.46773366 | I167: -0.20694732 | J167: 3.13115 | K167: 2.6432847 | M167: 3.1110184 | N167: 0.012705108 | O167: 0.70555585 | P167: 0.88215008 | Q167: 16253.726 | R167: =R166*(1+N167/400) -> 1.0000318 | S167: -0.21761944 | T167: -0.17054583 | U167: -0.90206171 | V167: 23502474 | W167: 13.362178 | X167: 1.1220302 | Y167: =_xlfn.STDEV.P(W167:W170) -> 2.1600445 | Z167: 0.593 | AA167: 0.00164 | AB167: -0.017899073 | AC167: 0.15333333 | AD167: -0.0066493919 | AF167: =(J167-J163)*100 -> 1.0436122 | AG167: =G167/AF167 -> 2.1080627 | AH167: =(LOG(Q167)-LOG(Q163))*100 -> 1.0188893
A168: 2012Q3 | B168: 24340.097 | C168: 5914330 | D168: 8651095 | E168: 3170.946 | F168: 10961.312 | G168: 2.4 | H168: -0.48123834 | I168: -0.46215587 | J168: 3.1547647 | K168: 2.4407336 | M168: 2.9219719 | N168: 0.27991949 | O168: 0.71137391 | P168: 0.82532662 | Q168: 16282.151 | R168: =R167*(1+N168/400) -> 1.0007316 | S168: -0.73819541 | T168: -1.1738945 | U168: -1.1164353 | V168: 23972363 | W168: 15.290152 | X168: 1.1206181 | Y168: =_xlfn.STDEV.P(W168:W171) -> 1.313529 | Z168: 0.586 | AA168: -0.003567123 | AB168: -1.2651619 | AC168: 0.14333333 | AD168: -0.014769994 | AF168: =(J168-J164)*100 -> 7.9684037 | AG168: =G168/AF168 -> 0.30118956 | AH168: =(LOG(Q168)-LOG(Q164))*100 -> 1.1116134
A169: 2012Q4 | B169: 24516.061 | C169: 5977715 | D169: 8745336 | E169: 3208.178 | F169: 11017.443 | G169: 2.1 | H169: -0.47206541 | I169: -0.4666082 | J169: 3.1487049 | K169: 2.4377672 | M169: 2.9098327 | N169: -0.26066921 | O169: 0.71528796 | P169: 0.80250874 | Q169: 16300.035 | R169: =R168*(1+N169/400) -> 1.0000794 | S169: 1.2729781 | T169: -0.80718583 | U169: -0.16894063 | V169: 24580740 | W169: 18.898855 | X169: 1.1207428 | Y169: =_xlfn.STDEV.P(W169:W172) -> 0.51977919 | Z169: 0.596 | AA169: 0.001517123 | AB169: -1.0620447 | AC169: 0.16 | AD169: 0.022177328 | AF169: =(J169-J165)*100 -> 5.7093823 | AG169: =G169/AF169 -> 0.36781562 | AH169: =(LOG(Q169)-LOG(Q165))*100 -> 0.6748624
A170: 2013Q1 | B170: 24539.155 | C170: 6110852 | D170: 8907358 | E170: 3239.229 | F170: 11073.001 | G170: 1.7 | H170: -0.46008536 | I170: -0.2850469 | J170: 3.1801947 | K170: 2.310735 | M170: 2.7708203 | N170: 0.45872808 | O170: 0.71595232 | P170: 0.80977213 | Q170: 16441.485 | R170: =R169*(1+N170/400) -> 1.0012263 | S170: -1.1628731 | T170: 1.9258847 | U170: -0.22683252 | V170: 24634614 | W170: 17.804866 | X170: 1.1197472 | Y170: =_xlfn.STDEV.P(W170:W173) -> 0.080937949 | Z170: 0.593 | AA170: -0.010858108 | AB170: -1.1040288 | AC170: 0.14333333 | AD170: 0.0026327964 | AF170: =(J170-J166)*100 -> 5.0845227 | AG170: =G170/AF170 -> 0.334348 | AH170: =(LOG(Q170)-LOG(Q166))*100 -> 0.69633822
A171: 2013Q2 | B171: 24708.126 | C171: 5912176 | D171: 8614721 | E171: 3257.752 | F171: 11057.972 | G171: 2 | H171: -0.45469731 | I171: -0.26640537 | J171: 3.2106132 | K171: 2.2820455 | M171: 2.7367428 | N171: 0.10468255 | O171: 0.68643445 | P171: 0.81741085 | Q171: 16464.402 | R171: =R170*(1+N171/400) -> 1.0014884 | S171: -2.6163394 | T171: 1.3218152 | U171: 0.76916278 | V171: 24454757 | W171: 17.59876 | X171: 1.1147162 | Y171: =_xlfn.STDEV.P(W171:W174) -> 0.12246325 | Z171: 0.5615 | AA171: -0.001266892 | AB171: -0.94657628 | AC171: 0.11666667 | AD171: -0.01764104 | AF171: =(J171-J167)*100 -> 7.9463184 | AG171: =G171/AF171 -> 0.25168888 | AH171: =(LOG(Q171)-LOG(Q167))*100 -> 0.55930271
A172: 2013Q3 | B172: 24968.741 | C172: 5911205 | D172: 8830284 | E172: 3305.841 | F172: 11101.499 | G172: 2 | H172: -0.430439 | I172: 0.43372925 | J172: 3.2284782 | K172: 2.3024897 | M172: 2.7329287 | N172: 0.091997786 | O172: 0.67632809 | P172: 0.84172166 | Q172: 16594.743 | R172: =R171*(1+N172/400) -> 1.0017187 | S172: -0.70887009 | T172: 1.1835532 | U172: 0.030942278 | V172: 24756349 | W172: 17.728144 | X172: 1.1150705 | Y172: =_xlfn.STDEV.P(W172:W175) -> 0.13687212 | Z172: 0.568 | AA172: -0.007041667 | AB172: -0.56107577 | AC172: 0.083333333 | AD172: -0.020301211 | AF172: =(J172-J168)*100 -> 7.3713519 | AG172: =G172/AF172 -> 0.27132065 | AH172: =(LOG(Q172)-LOG(Q168))*100 -> 0.82587529
A173: 2013Q4 | B173: 25262.254 | C173: 6265883 | D173: 8819288 | E173: 3336.17 | F173: 11192.709 | G173: 1.6 | H173: -0.40463647 | I173: 0.4527038 | J173: 3.2542142 | K173: 2.1129805 | M173: 2.517617 | N173: -0.15678396 | O173: 0.67288638 | P173: 0.82150993 | Q173: 16712.76 | R173: =R172*(1+N173/400) -> 1.0013261 | S173: -0.06248105 | T173: -1.3005294 | U173: -0.37181786 | V173: 24922501 | W173: 17.633115 | X173: 1.112206 | Y173: =_xlfn.STDEV.P(W173:W176) -> 0.20621563 | Z173: 0.588 | AA173: 0.019656104 | AB173: -1.6086301 | AC173: 0.086666667 | AD173: 0.035524096 | AF173: =(J173-J169)*100 -> 10.550932 | AG173: =G173/AF173 -> 0.15164537 | AH173: =(LOG(Q173)-LOG(Q169))*100 -> 1.085964
A174: 2014Q1 | B174: 25423.289 | C174: 6541384 | D174: 9067218 | E174: 3348.459 | F174: 11246.458 | G174: 1.7 | H174: -0.39119623 | I174: 0.45552431 | J174: 3.2634442 | K174: 2.2027839 | M174: 2.5939801 | N174: 0.46194002 | O174: 0.68000562 | P174: 0.82261859 | Q174: 16654.247 | R174: =R173*(1+N174/400) -> 1.0024825 | S174: -0.52100155 | T174: 1.8241382 | U174: -0.79833557 | V174: 25173023 | W174: 17.914121 | X174: 1.1139014 | Y174: =_xlfn.STDEV.P(W174:W177) -> 0.12992766 | Z174: 0.599 | AA174: -0.012717698 | AB174: -0.73967952 | AC174: 0.073333333 | AD174: -0.0086143835 | AF174: =(J174-J170)*100 -> 8.3249542 | AG174: =G174/AF174 -> 0.20420533 | AH174: =(LOG(Q174)-LOG(Q170))*100 -> 0.55839608
A175: 2014Q2 | B175: 25683.356 | C175: 6643993 | D175: 9425406 | E175: 3437.808 | F175: 11358.663 | G175: 2.1 | H175: -0.37800538 | I175: 0.29013076 | J175: 3.2828626 | K175: 2.0912673 | M175: 2.4692727 | N175: 0.28838304 | O175: 0.665129 | P175: 0.82088491 | Q175: 16868.109 | R175: =R174*(1+N175/400) -> 1.0032052 | S175: -0.37077905 | T175: -0.10704255 | U175: 0.63173997 | V175: 25450056 | W175: 17.971612 | X175: 1.1165644 | Y175: =_xlfn.STDEV.P(W175:W178) -> 0.1833495 | Z175: 0.589 | AA175: -0.005130435 | AB175: -1.8228882 | AC175: 0.093333333 | AD175: -0.02889209 | AF175: =(J175-J171)*100 -> 7.2249407 | AG175: =G175/AF175 -> 0.29065983 | AH175: =(LOG(Q175)-LOG(Q171))*100 -> 1.0520437
A176: 2014Q3 | B176: 25859.094 | C176: 6870610 | D176: 9504041 | E176: 3494.148 | F176: 11453.496 | G176: 2.3 | H176: -0.37163947 | I176: 0.15192875 | J176: 3.2931142 | K176: 2.0249359 | M176: 2.3965753 | N176: -0.043604644 | O176: 0.6924183 | P176: 0.85801743 | Q176: 17064.616 | R176: =R175*(1+N176/400) -> 1.0030958 | S176: 0.75233948 | T176: -0.89984993 | U176: -0.274325 | V176: 25612107 | W176: 18.21286 | X176: 1.1172327 | Y176: =_xlfn.STDEV.P(W176:W179) -> 0.23717049 | Z176: 0.587 | AA176: -0.002956521 | AB176: 0.37688358 | AC176: 0.09 | AD176: -0.0071482259 | AF176: =(J176-J172)*100 -> 6.4635927 | AG176: =G176/AF176 -> 0.35583925 | AH176: =(LOG(Q176)-LOG(Q172))*100 -> 1.2125989
A177: 2014Q4 | B177: 26150.169 | C177: 7143309 | D177: 9780520 | E177: 3533.057 | F177: 11524.378 | G177: 3.2 | H177: -0.37784022 | I177: -0.089424544 | J177: 3.3116298 | K177: 1.9046793 | M177: 2.2825195 | N177: -0.45272656 | O177: 0.74473787 | P177: 0.84661247 | Q177: 17141.235 | R177: =R176*(1+N177/400) -> 1.0019605 | S177: 2.1928864 | T177: -2.9063467 | U177: -2.4424101 | V177: 26045082 | W177: 17.881098 | X177: 1.1195345 | Y177: =_xlfn.STDEV.P(W177:W180) -> 0.75803509 | Z177: 0.594 | AA177: 0.033341336 | AB177: -0.47406379 | AC177: 0.1 | AD177: 0.0468492 | AF177: =(J177-J173)*100 -> 5.7415538 | AG177: =G177/AF177 -> 0.55734042 | AH177: =(LOG(Q177)-LOG(Q173))*100 -> 1.0993932
A178: 2015Q1 | B178: 26332.144 | C178: 7129254 | D178: 9904565 | E178: 3536.69 | F178: 11513.694 | G178: 3 | H178: -0.39401262 | I178: -0.42136048 | J178: 3.3145634 | K178: 1.8640204 | M178: 2.258033 | N178: 0.18629581 | O178: 0.80369405 | P178: 0.85171872 | Q178: 17280.647 | R178: =R177*(1+N178/400) -> 1.0024272 | S178: -1.1506524 | T178: -1.0551958 | U178: -0.64654784 | V178: 26157114 | W178: 18.339449 | X178: 1.119984 | Y178: =_xlfn.STDEV.P(W178:W181) -> 0.65986079 | Z178: 0.568 | AA178: -0.019867028 | AB178: -1.6420875 | AC178: 0.11 | AD178: -0.0084821697 | AF178: =(J178-J174)*100 -> 5.1119155 | AG178: =G178/AF178 -> 0.58686416 | AH178: =(LOG(Q178)-LOG(Q174))*100 -> 1.6034997
A179: 2015Q2 | B179: 26738.188 | C179: 6849099 | D179: 9833963 | E179: 3579.129 | F179: 11609.991 | G179: 2.6 | H179: -0.37708925 | I179: -0.256725 | J179: 3.3222287 | K179: 1.8323221 | M179: 2.2094113 | N179: 0.35443251 | O179: 0.78124467 | P179: 0.84736693 | Q179: 17380.875 | R179: =R178*(1+N179/400) -> 1.0033154 | S179: -0.3910144 | T179: 0.5303932 | U179: 0.12045721 | V179: 26071303 | W179: 18.532526 | X179: 1.1191889 | Y179: =_xlfn.STDEV.P(W179:W182) -> 0.5284733 | Z179: 0.5615 | AA179: 0.001954545 | AC179: 0.12333333 | AD179: -0.00069266046 | AF179: =(J179-J175)*100 -> 3.9366044 | AG179: =G179/AF179 -> 0.66046769 | AH179: =(LOG(Q179)-LOG(Q175))*100 -> 1.3005237
A180: 2015Q3 | B180: 26952.505 | C180: 6877478 | D180: 9741219 | E180: 3607.061 | F180: 11691.174 | G180: 1.8 | H180: -0.36769338 | I180: -0.23287344 | J180: 3.3015915 | K180: 1.9371591 | M180: 2.3048525 | N180: -0.09686619 | O180: 0.76161739 | P180: 0.9050596 | Q180: 17437.08 | R180: =R179*(1+N180/400) -> 1.0030724 | V180: 26172061 | W180: 19.914179 | X180: 1.1196621 | Y180: =_xlfn.STDEV.P(W180:W183) -> 0.13859694 | Z180: 0.5615 | AA180: 0.014545455 | AC180: 0.13666667 | AD180: -0.017358753 | AF180: =(J180-J176)*100 -> 0.84773637 | AG180: =G180/AF180 -> 2.1233016 | AH180: =(LOG(Q180)-LOG(Q176))*100 -> 0.93772401
A181: 2015Q4 | B181: 27134.966 | C181: 7404484 | D181: 9716584 | E181: 3594.983 | F181: 11704.74 | G181: 1.3 | H181: -0.36796386 | I181: -0.30541484 | J181: 3.3154051 | K181: 1.8349464 | M181: 2.2029103 | N181: -0.19924869 | O181: 0.76860372 | P181: 0.92470982 | Q181: 17462.579 | R181: =R180*(1+N181/400) -> 1.0025728 | V181: 26097846 | W181: 19.524621 | X181: 1.1189859 | Y181: =_xlfn.STDEV.P(W181:W184) -> 0.19062102 | Z181: 0.612 | AA181: 0.040318182 | AC181: 0.16 | AD181: 0.017295614 | AF181: =(J181-J177)*100 -> 0.37753074 | AG181: =G181/AF181 -> 3.4434282 | AH181: =(LOG(Q181)-LOG(Q177))*100 -> 0.80662749
A182: 2016Q1 | B182: 27390.001 | C182: 7645215 | D182: 10141706 | E182: 3627.831 | F182: 11756.499 | G182: 1.4 | H182: -0.3704257 | I182: -0.62657337 | J182: 3.2895059 | K182: 1.93246 | M182: 2.3028857 | N182: 0.22607263 | O182: 0.76788577 | P182: 0.9167409 | Q182: 17565.465 | R182: =R181*(1+N182/400) -> 1.0031394 | V182: 26366213 | W182: 19.692819 | X182: 1.1230156 | Y182: =_xlfn.STDEV.P(W182:W185) -> 0.81338555 | Z182: 0.6085 | AA182: -0.028409091 | AC182: 0.36 | AD182: -0.00027493324 | AF182: =(J182-J178)*100 -> -2.5057533 | AG182: =G182/AF182 -> -0.55871422 | AH182: =(LOG(Q182)-LOG(Q178))*100 -> 0.70996523
A183: 2016Q2 | B183: 27672.818 | C183: 7779331 | D183: 10478075 | E183: 3637.582 | F183: 11846.326 | G183: 1.4 | H183: -0.35166531 | I183: -0.83098547 | J183: 3.3208145 | K183: 1.8006876 | M183: 2.1523529 | N183: 0.40237417 | O183: 0.7320993 | P183: 0.85099407 | Q183: 17618.581 | R183: =R182*(1+N183/400) -> 1.0041485 | V183: 26616934 | W183: 19.736045 | X183: 1.125692 | Y183: =_xlfn.STDEV.P(W183:W186) -> 0.91062917 | Z183: 0.608 | AA183: 0.011314171 | AC183: 0.37333333 | AD183: -0.010839426 | AF183: =(J183-J179)*100 -> -0.14142283 | AG183: =G183/AF183 -> -9.899392 | AH183: =(LOG(Q183)-LOG(Q179))*100 -> 0.58992912
A184: 2016Q3 | B184: 28047.167 | C184: 8049808 | D184: 10812304 | E184: 3663.937 | F184: 11911.148 | G184: 1.6 | H184: -0.34252298 | I184: -1.0558154 | J184: 3.3338884 | K184: 1.6975437 | M184: 2.0400667 | N184: 0.056809652 | O184: 0.71788091 | P184: 0.8386936 | Q184: 17724.489 | R184: =R183*(1+N184/400) -> 1.0042911 | V184: 26966189 | W184: 19.250508 | X184: 1.1279965 | Y184: =_xlfn.STDEV.P(W184:W187) -> 0.72096078 | Z184: 0.582 | AA184: -0.013450535 | AC184: 0.39666667 | AD184: 0.0035504786 | AF184: =(J184-J180)*100 -> 3.2296827 | AG184: =G184/AF184 -> 0.49540471 | AH184: =(LOG(Q184)-LOG(Q180))*100 -> 0.70999632
A185: 2016Q4 | B185: 28199.025 | C185: 8110528 | D185: 10438086 | E185: 3693.21 | F185: 11971.499 | G185: 1 | H185: -0.32816717 | I185: -0.51727666 | J185: 3.3434937 | K185: 1.682099 | M185: 2.0102661 | N185: 0.00062030127 | O185: 0.72581891 | P185: 0.8513117 | Q185: 17812.56 | R185: =R184*(1+N185/400) -> 1.0042927 | V185: 27105763 | W185: 17.733331 | X185: 1.1236422 | Y185: =_xlfn.STDEV.P(W185:W188) -> 0.25934971 | Z185: 0.596 | AA185: 0.023240057 | AC185: 0.45 | AD185: 0.009115686 | AF185: =(J185-J181)*100 -> 2.8088663 | AG185: =G185/AF185 -> 0.35601552 | AH185: =(LOG(Q185)-LOG(Q181))*100 -> 0.86179564
A186: 2017Q1 | B186: 28510.624 | C186: 7948762 | D186: 10801318 | E186: 3737.811 | F186: 12071.314 | G186: 1 | H186: -0.31318062 | I186: -0.24213979 | J186: 3.3661696 | K186: 1.5222049 | M186: 1.8353855 | N186: 0.32622144 | O186: 0.7226605 | P186: 0.77624632 | Q186: 17889.094 | R186: =R185*(1+N186/400) -> 1.0051117 | V186: 27113131 | W186: 17.676902 | X186: 1.1254223 | Y186: =_xlfn.STDEV.P(W186:W189) -> 0.49492549 | Z186: 0.619 | AA186: -0.009231399 | AC186: 0.7 | AD186: -0.0040739645 | AF186: =(J186-J182)*100 -> 7.6663699 | AG186: =G186/AF186 -> 0.13043983 | AH186: =(LOG(Q186)-LOG(Q182))*100 -> 0.7928695
A187: 2017Q2 | B187: 28904.427 | C187: 7822976 | D187: 11065331 | E187: 3774.719 | F187: 12098.114 | G187: 1.4 | H187: -0.31387769 | I187: -0.46082842 | J187: 3.3820913 | K187: 1.4335409 | M187: 1.7474186 | N187: 0.15757887 | O187: 0.71809777 | P187: 0.75387529 | Q187: 17979.218 | R187: =R186*(1+N187/400) -> 1.0055077 | V187: 27476485 | W187: 17.415769 | X187: 1.1267347 | Y187: =_xlfn.STDEV.P(W187:W190) -> 0.38206475 | Z187: 0.626 | AA187: -0.001333333 | AC187: 0.95 | AD187: -0.0062588917 | AF187: =(J187-J183)*100 -> 6.1276804 | AG187: =G187/AF187 -> 0.22847144 | AH187: =(LOG(Q187)-LOG(Q183))*100 -> 0.87998709
A188: 2017Q3 | B188: 29209.006 | C188: 8171909 | D188: 11347107 | E188: 3793.556 | F188: 12167.439 | G188: 1.3 | H188: -0.3074895 | I188: -0.5229106 | J188: 3.3982308 | K188: 1.3511602 | M188: 1.6586497 | N188: 0.25331452 | O188: 0.71934324 | P188: 0.76923521 | Q188: 18127.994 | R188: =R187*(1+N188/400) -> 1.0061445 | V188: 27647627 | W188: 17.077452 | X188: 1.1278874 | Y188: =_xlfn.STDEV.P(W188:W191) -> 0.30777612 | Z188: 0.567 | AA188: 0.008285714 | AC188: 1.1533333 | AD188: -0.00102575 | AF188: =(J188-J184)*100 -> 6.4342434 | AG188: =G188/AF188 -> 0.20204396 | AH188: =(LOG(Q188)-LOG(Q184))*100 -> 0.97760255
A189: 2017Q4 | B189: 29708.283 | C189: 8257128 | D189: 11662728 | E189: 3878.187 | F189: 12327.226 | G189: 2 | H189: -0.29428823 | I189: -0.44583491 | J189: 3.4197472 | K189: 1.2139313 | M189: 1.5082196 | N189: -0.039851657 | O189: 0.71569156 | P189: 0.78531875 | Q189: 18310.3 | R189: =R188*(1+N189/400) -> 1.0060442 | V189: 27969363 | W189: 16.357799 | X189: 1.1295412 | Y189: =_xlfn.STDEV.P(W189:W192) -> 0.28699218 | Z189: 0.602 | AA189: 0.005 | AC189: 1.2033333 | AD189: 0.013704612 | AF189: =(J189-J185)*100 -> 7.6253434 | AG189: =G189/AF189 -> 0.26228327 | AH189: =(LOG(Q189)-LOG(Q185))*100 -> 1.196912
A190: 2018Q1 | B190: 29921.794 | C190: 8537657 | D190: 11492763 | E190: 3921.039 | F190: 12440.099 | G190: 2.1 | H190: -0.28125787 | I190: -0.11067859 | J190: 3.436525 | K190: 1.1341303 | M190: 1.4153882 | N190: 0.40811871 | O190: 0.71560118 | P190: 0.82071332 | Q190: 18437.127 | R190: =R189*(1+N190/400) -> 1.0070707 | V190: 28055060 | W190: 16.95364 | X190: 1.1273692 | Y190: =_xlfn.STDEV.P(W190:W193) -> 1.1733962 | Z190: 0.589 | AA190: -0.005714286 | AC190: 1.4466667 | AD190: -0.0052500893 | AF190: =(J190-J186)*100 -> 7.0355478 | AG190: =G190/AF190 -> 0.29848422 | AH190: =(LOG(Q190)-LOG(Q186))*100 -> 1.3104901
A191: 2018Q2 | B191: 30499.278 | C191: 8453494 | D191: 11468310 | E191: 3979.866 | F191: 12534.236 | G191: 1.8 | H191: -0.27743885 | I191: 0.0030854762 | J191: 3.4354083 | K191: 1.1687797 | M191: 1.4462186 | N191: 0.32426281 | O191: 0.71233969 | P191: 0.8499022 | Q191: 18565.697 | R191: =R190*(1+N191/400) -> 1.0078871 | V191: 28265823 | W191: 17.128601 | X191: 1.1262789 | Y191: =_xlfn.STDEV.P(W191:W194) -> 1.1066671 | Z191: 0.612 | AA191: 0.00152381 | AC191: 1.7366667 | AD191: -0.0079325363 | AF191: =(J191-J187)*100 -> 5.3317066 | AG191: =G191/AF191 -> 0.33760297 | AH191: =(LOG(Q191)-LOG(Q187))*100 -> 1.394046
... A197: 2019Q4 | B197: 32399.754 | C197: 9876017 | D197: 13364999 | E197: 4103.288 | F197: 12873.59 | G197: 0.3 | H197: -0.28588464 | I197: -1.5352372 | J197: 3.4970156 | K197: 0.779718 | M197: 1.0656026 | N197: 0.028005933 | O197: 0.86146368 | P197: 1.0617334 | Q197: 19215.691 | R197: =R196*(1+N197/400) -> 1.0095381 | V197: 31235708 | W197: 16.28665 | X197: 1.1370461 | Y197: =_xlfn.STDEV.P(W197:W200) -> 1.890805 | Z197: 0.634 | AA197: 0.008546176 | AC197: 1.6433333 | AD197: 0.0086542483 | AF197: =(J197-J193)*100 -> 7.4734293 | AG197: =G197/AF197 -> 0.040142214 | AH197: =(LOG(Q197)-LOG(Q193))*100 -> 1.1031495
A198: 2020Q1 | B198: 33290.07 | C198: 11336238 | D198: 12464788 | E198: 4095.699 | F198: 12662.3 | G198: -1.2 | H198: -0.28702901 | I198: -2.0854014 | K198: 0.96175904 | M198: 1.248788 | N198: 0.14813123 | O198: 1.1021311 | P198: 1.255331 | Q198: 18989.877 | R198: =R197*(1+N198/400) -> 1.0099119 | V198: 33913631 | W198: 21.600647 | X198: 1.126773 | Y198: =_xlfn.STDEV.P(W198:W201) -> 1.7121994 | Z198: 0.587 | AA198: -0.017015873 | AC198: 1.26 | AD198: -0.012407335 | AF198: =(J198-J194)*100 -> -343.46935 | AG198: =G198/AF198 -> 0.0034937615 | AH198: =(LOG(Q198)-LOG(Q194))*100 -> 0.35470506
A199: 2020Q2 | B199: 33952.952 | C199: 13965359 | D199: 13819702 | E199: 3821.038 | F199: 11416.579 | G199: -14.8 | H199: -0.31406101 | I199: -2.897584 | K199: 0.82716776 | M199: 1.1412288 | N199: -0.039846444 | O199: 1.2622445 | P199: 1.2073905 | Q199: 17378.712 | R199: =R198*(1+N199/400) -> 1.0098113 | V199: 36362740 | W199: 19.125351 | X199: 1.1327582 | Y199: =_xlfn.STDEV.P(W199:W202) -> 1.2904967 | Z199: 0.606 | AA199: -0.000857143 | AC199: 0.06 | AD199: -0.0073374116
A200: 2020Q3 | B200: 34179.623 | C200: 14371062 | D200: 14408631 | E200: 4025.433 | F200: 12546.805 | G200: -8.1 | H200: -0.28661997 | I200: -3.155955 | K200: 0.55915725 | M200: 0.84577722 | N200: 0.32014003 | O200: 1.1058603 | P200: 1.1091884 | Q200: 18743.72 | R200: =R199*(1+N200/400) -> 1.0106195 | V200: 36481218 | W200: 18.543375 | X200: 1.1362894 | Y200: =_xlfn.STDEV.P(W200:W203) -> 1.2574584 | Z200: 0.643 | AA200: 0.003714286 | AC200: 0.093333333 | AD200: -0.0090917654
A201: 2020Q4 | B201: 34514.228 | C201: 14734012 | D201: 15469163 | E201: 4166.229 | F201: 12674.835 | G201: -5.9 | H201: -0.27004337 | I201: -3.1688002 | K201: 0.44271728 | M201: 0.71276065 | N201: 0.024859634 | O201: 0.98202026 | P201: 1.1207165 | Q201: 18924.262 | R201: =R200*(1+N201/400) -> 1.0106823 | V201: 37172767 | W201: 16.822608 | X201: 1.1407569 | Y201: =_xlfn.STDEV.P(W201:W204) -> 0.6106899 | Z201: 0.605 | AA201: -0.004476191 | AC201: 0.09 | AD201: 0.012736461 | AF201: =AVERAGE(AF6:AF197) -> 3.0749332 | AH201: =AVERAGE(AH6:AH197) -> 1.1885544
A202: 2021Q1 | B202: 34988.525 | C202: 14774597 | D202: 15545879 | E202: 4233.901 | F202: 13092.309 | G202: -3.2 | H202: -0.24564173 | I202: -2.9617554 | K202: 0.25961046 | M202: 0.5052522 | N202: 0.56038131 | O202: 0.98388547 | P202: 1.0654355 | Q202: 19216.224 | R202: =R201*(1+N202/400) -> 1.0120983 | V202: 38270454 | W202: 15.914608 | X202: 1.1377248 | Y202: =_xlfn.STDEV.P(W202:W205) -> 0.3511903 | Z202: 0.594 | AA202: -0.016714285 | AC202: 0.08 | AD202: -0.0055437897
A203: 2021Q2 | B203: 35385.599 | C203: 15130123 | D203: 16665376 | E203: 4271.008 | F203: 13564.389 | G203: 13.9 | H203: -0.19925215 | I203: -2.9926254 | K203: 0.052563274 | M203: 0.25181542 | N203: 0.85088924 | O203: 0.93676372 | P203: 0.99641867 | Q203: 19544.248 | R203: =R202*(1+N203/400) -> 1.0142512 | V203: 39404349 | W203: 15.175371 | X203: 1.1430348 | Y203: =_xlfn.STDEV.P(W203:W206) -> 0.57355558 | Z203: 0.585 | AA203: 0.001619047 | AC203: 0.07 | AD203: -0.0050661852
A204: 2021Q3 | B204: 35888.143 | C204: 14729596 | D204: 16900965 | E204: 4261.78 | F204: 13717.305 | G204: 6.6 | H204: -0.15988588 | I204: -3.3963825 | K204: -0.023139695 | M204: 0.13674618 | N204: 0.31974686 | O204: 0.9074545 | P204: 0.9955019 | Q204: 19672.594 | R204: =R203*(1+N204/400) -> 1.015062 | V204: 40014161 | W204: 15.554005 | X204: 1.1434985 | Y204: =_xlfn.STDEV.P(W204:W207) -> 2.3006884 | Z204: 0.563 | AA204: -0.003285714 | AC204: 0.09 | AD204: 0.0064593083
A205: 2021Q4 | B205: 36612.493 | C205: 15721854 | D205: 17618092 | E205: 4262.933 | F205: 13868.444 | G205: 5.8 | H205: -0.10758914 | I205: -3.3066758 | K205: -0.11080191 | M205: -0.0032127718 | N205: 0.54313544 | O205: 0.89672798 | P205: 1.0323944 | Q205: 20006.181 | R205: =R204*(1+N205/400) -> 1.0164403 | V205: 41347812 | W205: 15.006332 | X205: 1.1459392 | Y205: =_xlfn.STDEV.P(W205:W208) -> 3.5085204 | Z205: 0.58 | AA205: 0.015428571 | AC205: 0.08 | AD205: 0.016058484
A206: 2022Q1 | B206: 37311.687 | C206: 15345572 | D206: 16226574 | E206: 4294.518 | F206: 13981.647 | G206: 5.5 | H206: -0.053367625 | I206: -2.908331 | K206: 0.031456288 | M206: 0.084823913 | N206: 1.0299978 | O206: 0.93410944 | P206: 1.0684088 | Q206: 19924.088 | R206: =R205*(1+N206/400) -> 1.0190576 | V206: 41941303 | W206: 16.488119 | X206: 1.1355349 | Y206: =_xlfn.STDEV.P(W206:W209) -> 2.9756979 | Z206: 0.57 | AA206: -0.008238095 | AC206: 0.12 | AD206: -0.0079540142
A207: 2022Q2 | B207: 37977.549 | C207: 14690063 | D207: 14336837 | E207: 4238.482 | F207: 14126.016 | G207: 4.5 | H207: 0.0048478029 | I207: -1.8325914 | K207: 0.35397214 | M207: 0.34912434 | N207: 1.0114044 | O207: 0.9673709 | P207: 1.1032376 | Q207: 19895.271 | R207: =R206*(1+N207/400) -> 1.0216343 | V207: 42156617 | W207: 20.853238 | X207: 1.1242813 | Y207: =_xlfn.STDEV.P(W207:W210) -> 1.3566545 | Z207: 0.588 | AA207: 0.005285714 | AC207: 0.77 | AD207: -0.027530895
A208: 2022Q3 | B208: 38506.664 | C208: 14019086 | D208: 13230809 | E208: 4219.809 | F208: 14180.849 | G208: 3.7 | H208: 0.029327678 | I208: -1.6098037 | K208: 0.45299388 | M208: 0.42366621 | N208: 0.055942203 | O208: 0.96987189 | P208: 1.1487216 | Q208: 20054.663 | R208: =R207*(1+N208/400) -> 1.0217772 | V208: 42258554 | W208: 23.853406 | X208: 1.1158662 | Y208: =_xlfn.STDEV.P(W208:W211) -> 0.27586631 | Z208: 0.596 | AA208: 0.005333334 | AC208: 2.19
A209: 2022Q4 | C209: 13930684 | D209: 14223485 | E209: 4195.923 | F209: 14176.862 | G209: 2.5 | H209: 0.035954221 | I209: -0.80556202 | K209: 0.44142063 | M209: 0.40546641 | N209: -0.00078744908 | O209: 0.93875822 | P209: 1.1276439 | Q209: 20182.491 | R209: =R208*(1+N209/400) -> 1.0217752 | V209: 42172120 | W209: 23.661152 | X209: 1.1228389 | Y209: =_xlfn.STDEV.P(W209:W212) -> 0.36967101 | Z209: 0.627 | AA209: 0.007285714 | AC209: 3.6533333
A210: 2023Q1 | C210: 13672152 | D210: 15394878 | E210: 4200.787 | F210: 14300.67 | G210: 2.2 | H210: 0.033690758 | I210: -0.88260468 | K210: 0.37683581 | M210: 0.34314506 | N210: 0.56294014 | O210: 0.9119806 | P210: 1.0728558 | Q210: 20282.76 | R210: =R209*(1+N210/400) -> 1.0232132 | V210: 42543684 | W210: 24.304198 | X210: 1.1292066 | Y210: =_xlfn.STDEV.P(W210:W213) -> 0.36335452 | Z210: 0.604 | AA210: -0.01847619 | AC210: 4.5166667
A211: 2023Q2 | C211: 13911807 | D211: 15704378 | E211: 4254.76 | F211: 14292.012 | G211: 1.2 | H211: 0.025541126 | I211: -0.81185571 | K211: 0.25423526 | M211: 0.22869414 | N211: 0.36021293 | O211: 0.87383605 | P211: 1.0272409 | Q211: 20386.467 | R211: =R210*(1+N211/400) -> 1.0241346 | V211: 42788359 | W211: 23.599949 | X211: 1.1307035 | Y211: =_xlfn.STDEV.P(W211:W214) -> 0.41172319 | Z211: 0.639 | AA211: 0.007380952 | AC211: 4.99
C212: 14097610 | D212: 26452887 | H212: 0.01465747 | K212: 0.15115612 | M212: 0.13649865 | N212: 0.29199339 | W212: 24.423395 | Z212: 0.649 | AA212: -0.020069767 | AC212: 5.26
C213: 4024.3456 | D213: 17336.437 | H213: -0.0020295382 | K213: 0.13351545 | M213: 0.13554499 | N213: -0.11306131 | Z213: 0.8675 | AA213: 0.12347943 | AC213: 5.33
N214: 0.60337818 | AC214: 5.33
G215: =AVERAGE(G2:G211) -> 1.2504762 | AC215: 0
