Workbook

Sheet sp500_monthly
A1: caldt | B1: vwretd | C1: vwretx | D1: ewretd | E1: ewretx | F1: totval | G1: totcnt | H1: usdval | I1: usdcnt | J1: spindx | K1: sprtrn | L1: RF | M1: CPI | N1: vw_real_ret | O1: rf_real | P1: exc_r
A2: 9497 | F2: 15236830 | G2: 89 | J2: 12.46
A3: 9527 | B3: -0.001783 | C3: -0.00398 | D3: 0.006457 | E3: 0.00325 | F3: 15277664 | G3: 89 | H3: 15236830 | I3: 79 | J3: 12.74 | K3: 0.022472
A4: 9555 | B4: -0.033296 | C4: -0.037876 | D4: -0.039979 | E4: -0.042451 | F4: 14712895 | G4: 89 | H4: 15277664 | I4: 81 | J4: 12.18 | K4: -0.043956
A5: 9587 | B5: -0.057708 | C5: -0.062007 | D5: -0.067915 | E5: -0.073275 | F5: 14012079 | G5: 89 | H5: 14712895 | I5: 81 | J5: 11.46 | K5: -0.059113
A6: 9617 | B6: 0.038522 | C6: 0.034856 | D6: 0.031441 | E6: 0.027121 | F6: 14500482 | G6: 89 | H6: 14012079 | I6: 82 | J6: 11.72 | K6: 0.022688
A7: 9645 | B7: 0.013623 | C7: 0.00907 | D7: 0.012011 | E7: 0.009515 | F7: 14778796 | G7: 89 | H7: 14500482 | I7: 82 | J7: 11.81 | K7: 0.007679
A8: 9678 | B8: 0.056427 | C8: 0.050196 | D8: 0.052142 | E8: 0.045353 | F8: 15554634 | G8: 89 | H8: 14762818 | I8: 83 | J8: 12.32 | K8: 0.043184
A9: 9709 | B9: 0.040403 | C9: 0.038168 | D9: 0.037547 | E9: 0.03393 | F9: 16180459 | G9: 89 | H9: 15545084 | I9: 82 | J9: 12.88 | K9: 0.045455 | L9: 0.22
A10: 9740 | B10: 0.029822 | C10: 0.025747 | D10: 0.018924 | E10: 0.01638 | F10: 16743394 | G10: 89 | H10: 16180459 | I10: 83 | J10: 13.1 | K10: 0.017081 | L10: 0.25
A11: 9770 | B11: 0.01342 | C11: 0.009122 | D11: 0.014037 | E11: 0.008582 | F11: 16835120 | G11: 89 | H11: 16687394 | I11: 83 | J11: 13.4 | K11: 0.022901 | L11: 0.23
A12: 9800 | B12: -0.030172 | C12: -0.032434 | D12: -0.025891 | E12: -0.028923 | F12: 16275309 | G12: 89 | H12: 16692237 | I12: 81 | J12: 12.98 | K12: -0.031343 | L12: 0.32
A13: 9831 | B13: 0.026937 | C13: 0.019367 | D13: 0.036507 | E13: 0.03333 | F13: 16907547 | G13: 89 | H13: 16217044 | I13: 82 | J13: 13.27 | K13: 0.022342 | L13: 0.31
A14: 9862 | B14: 0.026047 | C14: 0.020321 | D14: 0.021203 | E14: 0.014315 | F14: 17028799 | G14: 89 | H14: 16907547 | I14: 84 | J14: 13.49 | K14: 0.016579 | L14: 0.28
A15: 9893 | B15: -0.00291 | C15: -0.005579 | D15: -0.003955 | E15: -0.007715 | F15: 17018724 | G15: 89 | H15: 17028799 | I15: 84 | J15: 13.21 | K15: -0.020756 | L15: 0.25
A16: 9921 | B16: 0.045522 | C16: 0.040566 | D16: 0.043428 | E16: 0.040922 | F16: 17776304 | G16: 89 | H16: 17018724 | I16: 85 | J16: 13.84 | K16: 0.047691 | L16: 0.26
A17: 9952 | B17: 0.007324 | C17: 0.00261 | D17: -0.010052 | E17: -0.015601 | F17: 17883292 | G17: 89 | H17: 17776304 | I17: 85 | J17: 13.93 | K17: 0.006503 | L17: 0.3
A18: 9982 | B18: 0.013021 | C18: 0.010907 | D18: 0.0069 | E18: 0.00389 | F18: 18088304 | G18: 89 | H18: 17883292 | I18: 85 | J18: 14.17 | K18: 0.017229 | L18: 0.25
A19: 10013 | B19: 0.062353 | C19: 0.057096 | D19: 0.064407 | E19: 0.061419 | F19: 19323090 | G19: 89 | H19: 18076287 | I19: 84 | J19: 14.91 | K19: 0.052223 | L19: 0.3
A20: 10043 | B20: -0.02037 | C20: -0.025705 | D20: -0.02692 | E20: -0.032691 | F20: 18855820 | G20: 89 | H20: 19323090 | I20: 85 | J20: 14.77 | K20: -0.00939 | L20: 0.26
... A344: 19905 | B344: 0.002467 | C344: 0.000533 | D344: 0.013743 | E344: 0.010138 | F344: 44761560 | G344: 91 | H344: 44704632 | I344: 91 | J344: 29.21 | K344: 0.000685 | L344: 0.06
A345: 19935 | B345: 0.058701 | C345: 0.05778 | D345: 0.059918 | E345: 0.058141 | F345: 47347891 | G345: 91 | H345: 44761560 | I345: 91 | J345: 30.88 | K345: 0.057172 | L345: 0.05 | M345: 26.86
A346: 19967 | B346: -0.025894 | C346: -0.034753 | D346: -0.02637 | E346: -0.032922 | F346: 45702419 | G346: 91 | H346: 47347891 | I346: 91 | J346: 29.83 | K346: -0.034003 | L346: 0.05 | M346: 26.85 | N346: =(1+B346)*M345/M346-1 -> -0.025531204 | O346: =(1+L346/100)*M345/M346-1 -> 0.0008726257 | P346: =N346-O346 -> -0.02640383
A347: 19997 | B347: 0.0825 | C347: 0.080888 | D347: 0.045818 | E347: 0.042524 | F347: 49399185 | G347: 91 | H347: 45702419 | I347: 91 | J347: 32.31 | K347: 0.083138 | L347: 0.09 | M347: 26.81 | N347: =(1+B347)*M346/M347-1 -> 0.084115069 | O347: =(1+L347/100)*M346/M347-1 -> 0.0023933234 | P347: =N347-O347 -> 0.081721746
A348: 20026 | B348: -0.017867 | C348: -0.018659 | D348: -0.009137 | E348: -0.011019 | F348: 48477471 | G348: 91 | H348: 49399185 | I348: 91 | J348: 31.68 | K348: -0.019499 | L348: 0.07 | M348: 26.72 | N348: =(1+B348)*M347/M348-1 -> -0.014558917 | O348: =(1+L348/100)*M347/M348-1 -> 0.0040706213 | P348: =N348-O348 -> -0.018629539
A349: 20058 | B349: 0.095774 | C349: 0.082712 | D349: 0.107042 | E349: 0.097434 | F349: 52487204 | G349: 91 | H349: 48477471 | I349: 91 | J349: 34.24 | K349: 0.080808 | L349: 0.06 | M349: 26.78 | N349: =(1+B349)*M348/M349-1 -> 0.093318942 | O349: =(1+L349/100)*M348/M349-1 -> -0.0016418223 | P349: =N349-O349 -> 0.094960765
A350: 20089 | B350: 0.054288 | C350: 0.052361 | D350: 0.075205 | E350: 0.071814 | F350: 56080952 | G350: 91 | H350: 52487204 | I350: 91 | J350: 35.98 | K350: 0.050818 | L350: 0.08 | M350: 26.77 | N350: =(1+B350)*M349/M350-1 -> 0.054681832 | O350: =(1+L350/100)*M349/M350-1 -> 0.0011738513 | P350: =N350-O350 -> 0.053507981
A351: 20120 | B351: 0.018076 | C351: 0.017591 | D351: 0.008848 | E351: 0.007644 | F351: 56969739 | G351: 91 | H351: 56080952 | I351: 91 | J351: 36.63 | K351: 0.018066 | L351: 0.08 | M351: 26.77 | N351: =(1+B351)*M350/M351-1 -> 0.018076 | O351: =(1+L351/100)*M350/M351-1 -> 0.0008 | P351: =N351-O351 -> 0.017276
A352: 20148 | B352: 0.013526 | C352: 0.005446 | D352: 0.032885 | E352: 0.026669 | F352: 57600054 | G352: 91 | H352: 56969739 | I352: 91 | J352: 36.76 | K352: 0.003549 | L352: 0.09 | M352: 26.82 | N352: =(1+B352)*M351/M352-1 -> 0.011636503 | O352: =(1+L352/100)*M351/M352-1 -> -0.00096595824 | P352: =N352-O352 -> 0.012602462
A353: 20179 | B353: -0.002242 | C353: -0.003851 | D353: -0.003973 | E353: -0.007475 | F353: 57378250 | G353: 91 | H353: 57600054 | I353: 91 | J353: 36.58 | K353: -0.004897 | L353: 0.1 | M353: 26.79 | N353: =(1+B353)*M352/M353-1 -> -0.0011246898 | O353: =(1+L353/100)*M352/M353-1 -> 0.0021209406 | P353: =N353-O353 -> -0.0032456305
A354: 20208 | B354: 0.039843 | C354: 0.038885 | D354: 0.036513 | E354: 0.034981 | F354: 59609413 | G354: 91 | H354: 57378250 | I354: 91 | J354: 37.96 | K354: 0.037726 | L354: 0.1 | M354: 26.79 | N354: =(1+B354)*M353/M354-1 -> 0.039843 | O354: =(1+L354/100)*M353/M354-1 -> 0.001 | P354: =N354-O354 -> 0.038843
A355: 20240 | B355: 0.006433 | C355: -0.001081 | D355: 0.012066 | E355: 0.006198 | F355: 59515827 | G355: 91 | H355: 59609413 | I355: 91 | J355: 37.91 | K355: -0.001317 | L355: 0.14 | M355: 26.77 | N355: =(1+B355)*M354/M355-1 -> 0.0071849111 | O355: =(1+L355/100)*M354/M355-1 -> 0.0021481509 | P355: =N355-O355 -> 0.0050367602
A356: 20270 | B356: 0.0813 | C356: 0.07993 | D356: 0.040231 | E356: 0.036965 | F356: 64288557 | G356: 91 | H356: 59515827 | I356: 91 | J356: 41.03 | K356: 0.0823 | L356: 0.1 | M356: 26.71 | N356: =(1+B356)*M355/M356-1 -> 0.083728978 | O356: =(1+L356/100)*M355/M356-1 -> 0.003248596 | P356: =N356-O356 -> 0.080480382
A357: 20299 | B357: 0.057646 | C357: 0.057068 | D357: 0.007444 | E357: 0.005972 | F357: 68016870 | G357: 91 | H357: 64288557 | I357: 91 | J357: 43.52 | K357: 0.060687 | L357: 0.1 | M357: 26.76 | N357: =(1+B357)*M356/M357-1 -> 0.05566983 | O357: =(1+L357/100)*M356/M357-1 -> -0.00087032885 | P357: =N357-O357 -> 0.056540159
... A1178: 45289 | B1178: 0.045298 | C1178: 0.043955 | D1178: 0.070662 | E1178: 0.068595 | F1178: 41663647100 | G1178: 503 | H1178: 39914422000 | I1178: 503 | J1178: 4769.83 | K1178: 0.044229 | L1178: 0.43 | M1178: 308.742 | N1178: =(1+B1178)*M1177/M1178-1 -> 0.04286709 | O1178: =(1+L1178/100)*M1177/M1178-1 -> 0.0019644337 | P1178: =N1178-O1178 -> 0.040902656
M1179: 309.685 | N1179: =(1+B1179)*M1178/M1179-1 -> -0.0030450296 | O1179: =(1+L1179/100)*M1178/M1179-1 -> -0.0030450296 | P1179: =N1179-O1179 -> 0

Sheet 10years
A1: caldt | B1: vw_ret | C1: vw_ret_xd | D1: ew_ret | E1: ew_ret_xd | F1: ret_index | G1: rf | H1: vw_real_ret
A2: 13180 | B2: {=(PRODUCT(1+sp500_monthly!B3:B122)^(1/120)-1)*100} -> 0.35840694 | C2: {=(PRODUCT(1+sp500_monthly!C3:C122)^(1/120)-1)*100} -> -0.036418725 | D2: {=(PRODUCT(1+sp500_monthly!D3:D122)^(1/120)-1)*100} -> 0.46917132 | E2: {=(PRODUCT(1+sp500_monthly!E3:E122)^(1/120)-1)*100} -> 0.12666984 | F2: {=(PRODUCT(1+sp500_monthly!K3:K122)^(1/120)-1)*100} -> 0.06249739 | G2: {=(PRODUCT(1+sp500_monthly!L3:L122)^(1/120)-1)} -> 0.14061092 | H2: {=(PRODUCT(1+sp500_monthly!N3:N122)^(1/120)-1)*100} -> 0 | I2: {=(PRODUCT(1+sp500_monthly!O3:O122)^(1/120)-1)*100} -> 0
A3: 13209 | B3: {=(PRODUCT(1+sp500_monthly!B4:B123)^(1/120)-1)*100} -> 0.41793204 | C3: {=(PRODUCT(1+sp500_monthly!C4:C123)^(1/120)-1)*100} -> 0.023428503 | D3: {=(PRODUCT(1+sp500_monthly!D4:D123)^(1/120)-1)*100} -> 0.55370234 | E3: {=(PRODUCT(1+sp500_monthly!E4:E123)^(1/120)-1)*100} -> 0.21225821 | F3: {=(PRODUCT(1+sp500_monthly!K4:K123)^(1/120)-1)*100} -> 0.096895124 | G3: {=(PRODUCT(1+sp500_monthly!L4:L123)^(1/120)-1)} -> 0.1407055 | H3: {=(PRODUCT(1+sp500_monthly!N4:N123)^(1/120)-1)*100} -> 0 | I3: {=(PRODUCT(1+sp500_monthly!O4:O123)^(1/120)-1)*100} -> 0
A4: 13240 | B4: {=(PRODUCT(1+sp500_monthly!B5:B124)^(1/120)-1)*100} -> 0.46486781 | C4: {=(PRODUCT(1+sp500_monthly!C5:C124)^(1/120)-1)*100} -> 0.071195549 | D4: {=(PRODUCT(1+sp500_monthly!D5:D124)^(1/120)-1)*100} -> 0.62557205 | E4: {=(PRODUCT(1+sp500_monthly!E5:E124)^(1/120)-1)*100} -> 0.28444305 | F4: {=(PRODUCT(1+sp500_monthly!K5:K124)^(1/120)-1)*100} -> 0.14827742 | G4: {=(PRODUCT(1+sp500_monthly!L5:L124)^(1/120)-1)} -> 0.14080009 | H4: {=(PRODUCT(1+sp500_monthly!N5:N124)^(1/120)-1)*100} -> 0 | I4: {=(PRODUCT(1+sp500_monthly!O5:O124)^(1/120)-1)*100} -> 0
A5: 13270 | B5: {=(PRODUCT(1+sp500_monthly!B6:B125)^(1/120)-1)*100} -> 0.53453497 | C5: {=(PRODUCT(1+sp500_monthly!C6:C125)^(1/120)-1)*100} -> 0.14230707 | D5: {=(PRODUCT(1+sp500_monthly!D6:D125)^(1/120)-1)*100} -> 0.68520699 | E5: {=(PRODUCT(1+sp500_monthly!E6:E125)^(1/120)-1)*100} -> 0.34680785 | F5: {=(PRODUCT(1+sp500_monthly!K6:K125)^(1/120)-1)*100} -> 0.22011305 | G5: {=(PRODUCT(1+sp500_monthly!L6:L125)^(1/120)-1)} -> 0.14098837 | H5: {=(PRODUCT(1+sp500_monthly!N6:N125)^(1/120)-1)*100} -> 0 | I5: {=(PRODUCT(1+sp500_monthly!O6:O125)^(1/120)-1)*100} -> 0
A6: 13299 | B6: {=(PRODUCT(1+sp500_monthly!B7:B126)^(1/120)-1)*100} -> 0.43525435 | C6: {=(PRODUCT(1+sp500_monthly!C7:C126)^(1/120)-1)*100} -> 0.045667557 | D6: {=(PRODUCT(1+sp500_monthly!D7:D126)^(1/120)-1)*100} -> 0.573254 | E6: {=(PRODUCT(1+sp500_monthly!E7:E126)^(1/120)-1)*100} -> 0.23772944 | F6: {=(PRODUCT(1+sp500_monthly!K7:K126)^(1/120)-1)*100} -> 0.13442391 | G6: {=(PRODUCT(1+sp500_monthly!L7:L126)^(1/120)-1)} -> 0.14117667 | H6: {=(PRODUCT(1+sp500_monthly!N7:N126)^(1/120)-1)*100} -> 0 | I6: {=(PRODUCT(1+sp500_monthly!O7:O126)^(1/120)-1)*100} -> 0
A7: 13331 | B7: {=(PRODUCT(1+sp500_monthly!B8:B127)^(1/120)-1)*100} -> 0.46724209 | C7: {=(PRODUCT(1+sp500_monthly!C8:C127)^(1/120)-1)*100} -> 0.076413078 | D7: {=(PRODUCT(1+sp500_monthly!D8:D127)^(1/120)-1)*100} -> 0.61440273 | E7: {=(PRODUCT(1+sp500_monthly!E8:E127)^(1/120)-1)*100} -> 0.27916446 | F7: {=(PRODUCT(1+sp500_monthly!K8:K127)^(1/120)-1)*100} -> 0.16537572 | G7: {=(PRODUCT(1+sp500_monthly!L8:L127)^(1/120)-1)} -> 0.141365 | H7: {=(PRODUCT(1+sp500_monthly!N8:N127)^(1/120)-1)*100} -> 0 | I7: {=(PRODUCT(1+sp500_monthly!O8:O127)^(1/120)-1)*100} -> 0
A8: 13362 | B8: {=(PRODUCT(1+sp500_monthly!B9:B128)^(1/120)-1)*100} -> 0.44809759 | C8: {=(PRODUCT(1+sp500_monthly!C9:C128)^(1/120)-1)*100} -> 0.059822765 | D8: {=(PRODUCT(1+sp500_monthly!D9:D128)^(1/120)-1)*100} -> 0.58780572 | E8: {=(PRODUCT(1+sp500_monthly!E9:E128)^(1/120)-1)*100} -> 0.25573494 | F8: {=(PRODUCT(1+sp500_monthly!K9:K128)^(1/120)-1)*100} -> 0.15521019 | G8: {=(PRODUCT(1+sp500_monthly!L9:L128)^(1/120)-1)} -> 0.14164618 | H8: {=(PRODUCT(1+sp500_monthly!N9:N128)^(1/120)-1)*100} -> 0 | I8: {=(PRODUCT(1+sp500_monthly!O9:O128)^(1/120)-1)*100} -> 0
A9: 13393 | B9: {=(PRODUCT(1+sp500_monthly!B10:B129)^(1/120)-1)*100} -> 0.47426954 | C9: {=(PRODUCT(1+sp500_monthly!C10:C129)^(1/120)-1)*100} -> 0.086842961 | D9: {=(PRODUCT(1+sp500_monthly!D10:D129)^(1/120)-1)*100} -> 0.62667821 | E9: {=(PRODUCT(1+sp500_monthly!E10:E129)^(1/120)-1)*100} -> 0.29610178 | F9: {=(PRODUCT(1+sp500_monthly!K10:K129)^(1/120)-1)*100} -> 0.1730651 | G9: {=(PRODUCT(1+sp500_monthly!L10:L129)^(1/120)-1)} -> 0.13985045 | H9: {=(PRODUCT(1+sp500_monthly!N10:N129)^(1/120)-1)*100} -> 0 | I9: {=(PRODUCT(1+sp500_monthly!O10:O129)^(1/120)-1)*100} -> 0
A10: 13423 | B10: {=(PRODUCT(1+sp500_monthly!B11:B130)^(1/120)-1)*100} -> 0.461409 | C10: {=(PRODUCT(1+sp500_monthly!C11:C130)^(1/120)-1)*100} -> 0.073056311 | D10: {=(PRODUCT(1+sp500_monthly!D11:D130)^(1/120)-1)*100} -> 0.63092645 | E10: {=(PRODUCT(1+sp500_monthly!E11:E130)^(1/120)-1)*100} -> 0.30061005 | F10: {=(PRODUCT(1+sp500_monthly!K11:K130)^(1/120)-1)*100} -> 0.16626814 | G10: {=(PRODUCT(1+sp500_monthly!L11:L130)^(1/120)-1)} -> 0.1379206 | H10: {=(PRODUCT(1+sp500_monthly!N11:N130)^(1/120)-1)*100} -> 0 | I10: {=(PRODUCT(1+sp500_monthly!O11:O130)^(1/120)-1)*100} -> 0
A11: 13454 | B11: {=(PRODUCT(1+sp500_monthly!B12:B131)^(1/120)-1)*100} -> 0.45427205 | C11: {=(PRODUCT(1+sp500_monthly!C12:C131)^(1/120)-1)*100} -> 0.066831166 | D11: {=(PRODUCT(1+sp500_monthly!D12:D131)^(1/120)-1)*100} -> 0.63280245 | E11: {=(PRODUCT(1+sp500_monthly!E12:E131)^(1/120)-1)*100} -> 0.30447877 | F11: {=(PRODUCT(1+sp500_monthly!K12:K131)^(1/120)-1)*100} -> 0.14841302 | G11: {=(PRODUCT(1+sp500_monthly!L12:L131)^(1/120)-1)} -> 0.13605344 | H11: {=(PRODUCT(1+sp500_monthly!N12:N131)^(1/120)-1)*100} -> 0 | I11: {=(PRODUCT(1+sp500_monthly!O12:O131)^(1/120)-1)*100} -> 0
A12: 13484 | B12: {=(PRODUCT(1+sp500_monthly!B13:B132)^(1/120)-1)*100} -> 0.54149426 | C12: {=(PRODUCT(1+sp500_monthly!C13:C132)^(1/120)-1)*100} -> 0.15488307 | D12: {=(PRODUCT(1+sp500_monthly!D13:D132)^(1/120)-1)*100} -> 0.70254651 | E12: {=(PRODUCT(1+sp500_monthly!E13:E132)^(1/120)-1)*100} -> 0.37499964 | F12: {=(PRODUCT(1+sp500_monthly!K13:K132)^(1/120)-1)*100} -> 0.23534754 | G12: {=(PRODUCT(1+sp500_monthly!L13:L132)^(1/120)-1)} -> 0.13361517 | H12: {=(PRODUCT(1+sp500_monthly!N13:N132)^(1/120)-1)*100} -> 0 | I12: {=(PRODUCT(1+sp500_monthly!O13:O132)^(1/120)-1)*100} -> 0
A13: 13515 | B13: {=(PRODUCT(1+sp500_monthly!B14:B133)^(1/120)-1)*100} -> 0.52811386 | C13: {=(PRODUCT(1+sp500_monthly!C14:C133)^(1/120)-1)*100} -> 0.13860681 | D13: {=(PRODUCT(1+sp500_monthly!D14:D133)^(1/120)-1)*100} -> 0.70049891 | E13: {=(PRODUCT(1+sp500_monthly!E14:E133)^(1/120)-1)*100} -> 0.37052189 | F13: {=(PRODUCT(1+sp500_monthly!K14:K133)^(1/120)-1)*100} -> 0.22028219 | G13: {=(PRODUCT(1+sp500_monthly!L14:L133)^(1/120)-1)} -> 0.13116093 | H13: {=(PRODUCT(1+sp500_monthly!N14:N133)^(1/120)-1)*100} -> 0 | I13: {=(PRODUCT(1+sp500_monthly!O14:O133)^(1/120)-1)*100} -> 0
... A1057: 45289 | B1057: {=(PRODUCT(1+sp500_monthly!B1058:B1177)^(1/120)-1)*100} -> 0.94057837 | C1057: {=(PRODUCT(1+sp500_monthly!C1058:C1177)^(1/120)-1)*100} -> 0.7807475 | D1057: {=(PRODUCT(1+sp500_monthly!D1058:D1177)^(1/120)-1)*100} -> 0.81289595 | E1057: {=(PRODUCT(1+sp500_monthly!E1058:E1177)^(1/120)-1)*100} -> 0.64409328 | F1057: {=(PRODUCT(1+sp500_monthly!K1058:K1177)^(1/120)-1)*100} -> 0.77634576 | G1057: {=(PRODUCT(1+sp500_monthly!L1058:L1177)^(1/120)-1)} -> 0.087296732 | H1057: {=(PRODUCT(1+sp500_monthly!N1058:N1177)^(1/120)-1)*100} -> 0.71 | I1057: {=(PRODUCT(1+sp500_monthly!O1058:O1177)^(1/120)-1)*100} -> -0.13505335

Sheet Exc_R
A1: caldt | B1: ='10years'!B1 -> vw_ret | C1: ='10years'!C1 -> vw_ret_xd | D1: ='10years'!D1 -> ew_ret | E1: ='10years'!E1 -> ew_ret_xd | F1: ='10years'!F1 -> ret_index | G1: ='10years'!H1 -> vw_real_ret
A2: 13180 | B2: ='10years'!B2-'10years'!$G2 -> 0.21779602 | C2: ='10years'!C2-'10years'!$G2 -> -0.17702964 | D2: ='10years'!D2-'10years'!$G2 -> 0.3285604 | E2: ='10years'!E2-'10years'!$G2 -> -0.013941081 | F2: ='10years'!F2-'10years'!$G2 -> -0.07811353 | G2: ='10years'!H2-'10years'!$I2 -> 0
A3: 13209 | B3: ='10years'!B3-'10years'!$G3 -> 0.27722654 | C3: ='10years'!C3-'10years'!$G3 -> -0.117277 | D3: ='10years'!D3-'10years'!$G3 -> 0.41299683 | E3: ='10years'!E3-'10years'!$G3 -> 0.071552709 | F3: ='10years'!F3-'10years'!$G3 -> -0.043810378 | G3: ='10years'!H3-'10years'!$I3 -> 0
A4: 13240 | B4: ='10years'!B4-'10years'!$G4 -> 0.32406771 | C4: ='10years'!C4-'10years'!$G4 -> -0.069604544 | D4: ='10years'!D4-'10years'!$G4 -> 0.48477195 | E4: ='10years'!E4-'10years'!$G4 -> 0.14364296 | F4: ='10years'!F4-'10years'!$G4 -> 0.007477325 | G4: ='10years'!H4-'10years'!$I4 -> 0
A5: 13270 | B5: ='10years'!B5-'10years'!$G5 -> 0.3935466 | C5: ='10years'!C5-'10years'!$G5 -> 0.0013187054 | D5: ='10years'!D5-'10years'!$G5 -> 0.54421862 | E5: ='10years'!E5-'10years'!$G5 -> 0.20581949 | F5: ='10years'!F5-'10years'!$G5 -> 0.079124681 | G5: ='10years'!H5-'10years'!$I5 -> 0
A6: 13299 | B6: ='10years'!B6-'10years'!$G6 -> 0.29407768 | C6: ='10years'!C6-'10years'!$G6 -> -0.095509112 | D6: ='10years'!D6-'10years'!$G6 -> 0.43207733 | E6: ='10years'!E6-'10years'!$G6 -> 0.096552768 | F6: ='10years'!F6-'10years'!$G6 -> -0.0067527569 | G6: ='10years'!H6-'10years'!$I6 -> 0
A7: 13331 | B7: ='10years'!B7-'10years'!$G7 -> 0.32587708 | C7: ='10years'!C7-'10years'!$G7 -> -0.064951926 | D7: ='10years'!D7-'10years'!$G7 -> 0.47303772 | E7: ='10years'!E7-'10years'!$G7 -> 0.13779946 | F7: ='10years'!F7-'10years'!$G7 -> 0.024010716 | G7: ='10years'!H7-'10years'!$I7 -> 0
A8: 13362 | B8: ='10years'!B8-'10years'!$G8 -> 0.30645141 | C8: ='10years'!C8-'10years'!$G8 -> -0.081823419 | D8: ='10years'!D8-'10years'!$G8 -> 0.44615954 | E8: ='10years'!E8-'10years'!$G8 -> 0.11408876 | F8: ='10years'!F8-'10years'!$G8 -> 0.013564008 | G8: ='10years'!H8-'10years'!$I8 -> 0
A9: 13393 | B9: ='10years'!B9-'10years'!$G9 -> 0.33441909 | C9: ='10years'!C9-'10years'!$G9 -> -0.05300749 | D9: ='10years'!D9-'10years'!$G9 -> 0.48682776 | E9: ='10years'!E9-'10years'!$G9 -> 0.15625133 | F9: ='10years'!F9-'10years'!$G9 -> 0.033214654 | G9: ='10years'!H9-'10years'!$I9 -> 0
A10: 13423 | B10: ='10years'!B10-'10years'!$G10 -> 0.3234884 | C10: ='10years'!C10-'10years'!$G10 -> -0.06486429 | D10: ='10years'!D10-'10years'!$G10 -> 0.49300585 | E10: ='10years'!E10-'10years'!$G10 -> 0.16268945 | F10: ='10years'!F10-'10years'!$G10 -> 0.028347539 | G10: ='10years'!H10-'10years'!$I10 -> 0
A11: 13454 | B11: ='10years'!B11-'10years'!$G11 -> 0.3182186 | C11: ='10years'!C11-'10years'!$G11 -> -0.069222276 | D11: ='10years'!D11-'10years'!$G11 -> 0.49674901 | E11: ='10years'!E11-'10years'!$G11 -> 0.16842533 | F11: ='10years'!F11-'10years'!$G11 -> 0.012359573 | G11: ='10years'!H11-'10years'!$I11 -> 0
A12: 13484 | B12: ='10years'!B12-'10years'!$G12 -> 0.40787909 | C12: ='10years'!C12-'10years'!$G12 -> 0.021267909 | D12: ='10years'!D12-'10years'!$G12 -> 0.56893135 | E12: ='10years'!E12-'10years'!$G12 -> 0.24138448 | F12: ='10years'!F12-'10years'!$G12 -> 0.10173237 | G12: ='10years'!H12-'10years'!$I12 -> 0
A13: 13515 | B13: ='10years'!B13-'10years'!$G13 -> 0.39695292 | C13: ='10years'!C13-'10years'!$G13 -> 0.0074458754 | D13: ='10years'!D13-'10years'!$G13 -> 0.56933797 | E13: ='10years'!E13-'10years'!$G13 -> 0.23936095 | F13: ='10years'!F13-'10years'!$G13 -> 0.089121257 | G13: ='10years'!H13-'10years'!$I13 -> 0
... A1057: 45289 | B1057: ='10years'!B1057-'10years'!$G1057 -> 0.85328163 | C1057: ='10years'!C1057-'10years'!$G1057 -> 0.69345076 | D1057: ='10years'!D1057-'10years'!$G1057 -> 0.72559922 | E1057: ='10years'!E1057-'10years'!$G1057 -> 0.55679655 | F1057: ='10years'!F1057-'10years'!$G1057 -> 0.68904903 | G1057: ='10years'!H1057-'10years'!$I1057 -> 0.84505335

Sheet 10years_f
A1: caldt | B1: ='10years'!B1 -> vw_ret | C1: ='10years'!C1 -> vw_ret_xd | D1: ='10years'!D1 -> ew_ret | E1: ='10years'!E1 -> ew_ret_xd | F1: ='10years'!F1 -> ret_index | G1: rf | H1: vw_real_ret | I1: rf_real
A2: 9497 | B2: {=(PRODUCT(1+sp500_monthly!B3:B122)^(1/120)-1)*100} -> 0.35840694 | C2: {=(PRODUCT(1+sp500_monthly!C3:C122)^(1/120)-1)*100} -> -0.036418725 | D2: {=(PRODUCT(1+sp500_monthly!D3:D122)^(1/120)-1)*100} -> 0.46917132 | E2: {=(PRODUCT(1+sp500_monthly!E3:E122)^(1/120)-1)*100} -> 0.12666984 | F2: {=(PRODUCT(1+sp500_monthly!K3:K122)^(1/120)-1)*100} -> 0.06249739 | G2: {=(PRODUCT(1+sp500_monthly!L3:L122)^(1/120)-1)} -> 0.14061092 | H2: {=(PRODUCT(1+sp500_monthly!N3:N122)^(1/120)-1)*100} -> 0 | I2: {=(PRODUCT(1+sp500_monthly!O3:O122)^(1/120)-1)*100} -> 0
A3: 9527 | B3: {=(PRODUCT(1+sp500_monthly!B4:B123)^(1/120)-1)*100} -> 0.41793204 | C3: {=(PRODUCT(1+sp500_monthly!C4:C123)^(1/120)-1)*100} -> 0.023428503 | D3: {=(PRODUCT(1+sp500_monthly!D4:D123)^(1/120)-1)*100} -> 0.55370234 | E3: {=(PRODUCT(1+sp500_monthly!E4:E123)^(1/120)-1)*100} -> 0.21225821 | F3: {=(PRODUCT(1+sp500_monthly!K4:K123)^(1/120)-1)*100} -> 0.096895124 | G3: {=(PRODUCT(1+sp500_monthly!L4:L123)^(1/120)-1)} -> 0.1407055 | H3: {=(PRODUCT(1+sp500_monthly!N4:N123)^(1/120)-1)*100} -> 0 | I3: {=(PRODUCT(1+sp500_monthly!O4:O123)^(1/120)-1)*100} -> 0
A4: 9555 | B4: {=(PRODUCT(1+sp500_monthly!B5:B124)^(1/120)-1)*100} -> 0.46486781 | C4: {=(PRODUCT(1+sp500_monthly!C5:C124)^(1/120)-1)*100} -> 0.071195549 | D4: {=(PRODUCT(1+sp500_monthly!D5:D124)^(1/120)-1)*100} -> 0.62557205 | E4: {=(PRODUCT(1+sp500_monthly!E5:E124)^(1/120)-1)*100} -> 0.28444305 | F4: {=(PRODUCT(1+sp500_monthly!K5:K124)^(1/120)-1)*100} -> 0.14827742 | G4: {=(PRODUCT(1+sp500_monthly!L5:L124)^(1/120)-1)} -> 0.14080009 | H4: {=(PRODUCT(1+sp500_monthly!N5:N124)^(1/120)-1)*100} -> 0 | I4: {=(PRODUCT(1+sp500_monthly!O5:O124)^(1/120)-1)*100} -> 0
A5: 9587 | B5: {=(PRODUCT(1+sp500_monthly!B6:B125)^(1/120)-1)*100} -> 0.53453497 | C5: {=(PRODUCT(1+sp500_monthly!C6:C125)^(1/120)-1)*100} -> 0.14230707 | D5: {=(PRODUCT(1+sp500_monthly!D6:D125)^(1/120)-1)*100} -> 0.68520699 | E5: {=(PRODUCT(1+sp500_monthly!E6:E125)^(1/120)-1)*100} -> 0.34680785 | F5: {=(PRODUCT(1+sp500_monthly!K6:K125)^(1/120)-1)*100} -> 0.22011305 | G5: {=(PRODUCT(1+sp500_monthly!L6:L125)^(1/120)-1)} -> 0.14098837 | H5: {=(PRODUCT(1+sp500_monthly!N6:N125)^(1/120)-1)*100} -> 0 | I5: {=(PRODUCT(1+sp500_monthly!O6:O125)^(1/120)-1)*100} -> 0
A6: 9617 | B6: {=(PRODUCT(1+sp500_monthly!B7:B126)^(1/120)-1)*100} -> 0.43525435 | C6: {=(PRODUCT(1+sp500_monthly!C7:C126)^(1/120)-1)*100} -> 0.045667557 | D6: {=(PRODUCT(1+sp500_monthly!D7:D126)^(1/120)-1)*100} -> 0.573254 | E6: {=(PRODUCT(1+sp500_monthly!E7:E126)^(1/120)-1)*100} -> 0.23772944 | F6: {=(PRODUCT(1+sp500_monthly!K7:K126)^(1/120)-1)*100} -> 0.13442391 | G6: {=(PRODUCT(1+sp500_monthly!L7:L126)^(1/120)-1)} -> 0.14117667 | H6: {=(PRODUCT(1+sp500_monthly!N7:N126)^(1/120)-1)*100} -> 0 | I6: {=(PRODUCT(1+sp500_monthly!O7:O126)^(1/120)-1)*100} -> 0
A7: 9645 | B7: {=(PRODUCT(1+sp500_monthly!B8:B127)^(1/120)-1)*100} -> 0.46724209 | C7: {=(PRODUCT(1+sp500_monthly!C8:C127)^(1/120)-1)*100} -> 0.076413078 | D7: {=(PRODUCT(1+sp500_monthly!D8:D127)^(1/120)-1)*100} -> 0.61440273 | E7: {=(PRODUCT(1+sp500_monthly!E8:E127)^(1/120)-1)*100} -> 0.27916446 | F7: {=(PRODUCT(1+sp500_monthly!K8:K127)^(1/120)-1)*100} -> 0.16537572 | G7: {=(PRODUCT(1+sp500_monthly!L8:L127)^(1/120)-1)} -> 0.141365 | H7: {=(PRODUCT(1+sp500_monthly!N8:N127)^(1/120)-1)*100} -> 0 | I7: {=(PRODUCT(1+sp500_monthly!O8:O127)^(1/120)-1)*100} -> 0
A8: 9678 | B8: {=(PRODUCT(1+sp500_monthly!B9:B128)^(1/120)-1)*100} -> 0.44809759 | C8: {=(PRODUCT(1+sp500_monthly!C9:C128)^(1/120)-1)*100} -> 0.059822765 | D8: {=(PRODUCT(1+sp500_monthly!D9:D128)^(1/120)-1)*100} -> 0.58780572 | E8: {=(PRODUCT(1+sp500_monthly!E9:E128)^(1/120)-1)*100} -> 0.25573494 | F8: {=(PRODUCT(1+sp500_monthly!K9:K128)^(1/120)-1)*100} -> 0.15521019 | G8: {=(PRODUCT(1+sp500_monthly!L9:L128)^(1/120)-1)} -> 0.14164618 | H8: {=(PRODUCT(1+sp500_monthly!N9:N128)^(1/120)-1)*100} -> 0 | I8: {=(PRODUCT(1+sp500_monthly!O9:O128)^(1/120)-1)*100} -> 0
A9: 9709 | B9: {=(PRODUCT(1+sp500_monthly!B10:B129)^(1/120)-1)*100} -> 0.47426954 | C9: {=(PRODUCT(1+sp500_monthly!C10:C129)^(1/120)-1)*100} -> 0.086842961 | D9: {=(PRODUCT(1+sp500_monthly!D10:D129)^(1/120)-1)*100} -> 0.62667821 | E9: {=(PRODUCT(1+sp500_monthly!E10:E129)^(1/120)-1)*100} -> 0.29610178 | F9: {=(PRODUCT(1+sp500_monthly!K10:K129)^(1/120)-1)*100} -> 0.1730651 | G9: {=(PRODUCT(1+sp500_monthly!L10:L129)^(1/120)-1)} -> 0.13985045 | H9: {=(PRODUCT(1+sp500_monthly!N10:N129)^(1/120)-1)*100} -> 0 | I9: {=(PRODUCT(1+sp500_monthly!O10:O129)^(1/120)-1)*100} -> 0
A10: 9740 | B10: {=(PRODUCT(1+sp500_monthly!B11:B130)^(1/120)-1)*100} -> 0.461409 | C10: {=(PRODUCT(1+sp500_monthly!C11:C130)^(1/120)-1)*100} -> 0.073056311 | D10: {=(PRODUCT(1+sp500_monthly!D11:D130)^(1/120)-1)*100} -> 0.63092645 | E10: {=(PRODUCT(1+sp500_monthly!E11:E130)^(1/120)-1)*100} -> 0.30061005 | F10: {=(PRODUCT(1+sp500_monthly!K11:K130)^(1/120)-1)*100} -> 0.16626814 | G10: {=(PRODUCT(1+sp500_monthly!L11:L130)^(1/120)-1)} -> 0.1379206 | H10: {=(PRODUCT(1+sp500_monthly!N11:N130)^(1/120)-1)*100} -> 0 | I10: {=(PRODUCT(1+sp500_monthly!O11:O130)^(1/120)-1)*100} -> 0
A11: 9770 | B11: {=(PRODUCT(1+sp500_monthly!B12:B131)^(1/120)-1)*100} -> 0.45427205 | C11: {=(PRODUCT(1+sp500_monthly!C12:C131)^(1/120)-1)*100} -> 0.066831166 | D11: {=(PRODUCT(1+sp500_monthly!D12:D131)^(1/120)-1)*100} -> 0.63280245 | E11: {=(PRODUCT(1+sp500_monthly!E12:E131)^(1/120)-1)*100} -> 0.30447877 | F11: {=(PRODUCT(1+sp500_monthly!K12:K131)^(1/120)-1)*100} -> 0.14841302 | G11: {=(PRODUCT(1+sp500_monthly!L12:L131)^(1/120)-1)} -> 0.13605344 | H11: {=(PRODUCT(1+sp500_monthly!N12:N131)^(1/120)-1)*100} -> 0 | I11: {=(PRODUCT(1+sp500_monthly!O12:O131)^(1/120)-1)*100} -> 0
A12: 9800 | B12: {=(PRODUCT(1+sp500_monthly!B13:B132)^(1/120)-1)*100} -> 0.54149426 | C12: {=(PRODUCT(1+sp500_monthly!C13:C132)^(1/120)-1)*100} -> 0.15488307 | D12: {=(PRODUCT(1+sp500_monthly!D13:D132)^(1/120)-1)*100} -> 0.70254651 | E12: {=(PRODUCT(1+sp500_monthly!E13:E132)^(1/120)-1)*100} -> 0.37499964 | F12: {=(PRODUCT(1+sp500_monthly!K13:K132)^(1/120)-1)*100} -> 0.23534754 | G12: {=(PRODUCT(1+sp500_monthly!L13:L132)^(1/120)-1)} -> 0.13361517 | H12: {=(PRODUCT(1+sp500_monthly!N13:N132)^(1/120)-1)*100} -> 0 | I12: {=(PRODUCT(1+sp500_monthly!O13:O132)^(1/120)-1)*100} -> 0
A13: 9831 | B13: {=(PRODUCT(1+sp500_monthly!B14:B133)^(1/120)-1)*100} -> 0.52811386 | C13: {=(PRODUCT(1+sp500_monthly!C14:C133)^(1/120)-1)*100} -> 0.13860681 | D13: {=(PRODUCT(1+sp500_monthly!D14:D133)^(1/120)-1)*100} -> 0.70049891 | E13: {=(PRODUCT(1+sp500_monthly!E14:E133)^(1/120)-1)*100} -> 0.37052189 | F13: {=(PRODUCT(1+sp500_monthly!K14:K133)^(1/120)-1)*100} -> 0.22028219 | G13: {=(PRODUCT(1+sp500_monthly!L14:L133)^(1/120)-1)} -> 0.13116093 | H13: {=(PRODUCT(1+sp500_monthly!N14:N133)^(1/120)-1)*100} -> 0 | I13: {=(PRODUCT(1+sp500_monthly!O14:O133)^(1/120)-1)*100} -> 0
... A1178: 45289 | B1178: {=(PRODUCT(1+sp500_monthly!B1179:B1298)^(1/120)-1)*100} -> 0 | C1178: {=(PRODUCT(1+sp500_monthly!C1179:C1298)^(1/120)-1)*100} -> 0 | D1178: {=(PRODUCT(1+sp500_monthly!D1179:D1298)^(1/120)-1)*100} -> 0 | E1178: {=(PRODUCT(1+sp500_monthly!E1179:E1298)^(1/120)-1)*100} -> 0 | F1178: {=(PRODUCT(1+sp500_monthly!K1179:K1298)^(1/120)-1)*100} -> 0 | G1178: {=(PRODUCT(1+sp500_monthly!L1179:L1298)^(1/120)-1)} -> 0 | H1178: {=(PRODUCT(1+sp500_monthly!N1179:N1298)^(1/120)-1)*100} -> -0.0025413637 | I1178: {=(PRODUCT(1+sp500_monthly!O1179:O1298)^(1/120)-1)*100} -> -0.0025413637

Sheet Exc_R_f
A1: caldt | B1: ='10years'!B1 -> vw_ret | C1: ='10years'!C1 -> vw_ret_xd | D1: ='10years'!D1 -> ew_ret | E1: ='10years'!E1 -> ew_ret_xd | F1: ='10years'!F1 -> ret_index | G1: ='10years'!H1 -> vw_real_ret
A2: 25962 | B2: ='10years_f'!B543-'10years_f'!$G543 -> 0.064580585 | C2: ='10years_f'!C543-'10years_f'!$G543 -> -0.29057721 | D2: ='10years_f'!D543-'10years_f'!$G543 -> 0.29145611 | E2: ='10years_f'!E543-'10years_f'!$G543 -> -0.070340684 | F2: ='10years_f'!F543-'10years_f'!$G543 -> -0.28873799 | G2: ='10years_f'!H543-'10years_f'!$I543 -> 0.050840358
A3: 25990 | B3: ='10years_f'!B544-'10years_f'!$G544 -> 0.065445532 | C3: ='10years_f'!C544-'10years_f'!$G544 -> -0.29185082 | D3: ='10years_f'!D544-'10years_f'!$G544 -> 0.29158423 | E3: ='10years_f'!E544-'10years_f'!$G544 -> -0.071875276 | F3: ='10years_f'!F544-'10years_f'!$G544 -> -0.29095249 | G3: ='10years_f'!H544-'10years_f'!$I544 -> 0.051228001
A4: 26023 | B4: ='10years_f'!B545-'10years_f'!$G545 -> 0.057964085 | C4: ='10years_f'!C545-'10years_f'!$G545 -> -0.30047182 | D4: ='10years_f'!D545-'10years_f'!$G545 -> 0.31812549 | E4: ='10years_f'!E545-'10years_f'!$G545 -> -0.046671484 | F4: ='10years_f'!F545-'10years_f'!$G545 -> -0.29841695 | G4: ='10years_f'!H545-'10years_f'!$I545 -> 0.043079348
A5: 26053 | B5: ='10years_f'!B546-'10years_f'!$G546 -> 0.004129752 | C5: ='10years_f'!C546-'10years_f'!$G546 -> -0.35468716 | D5: ='10years_f'!D546-'10years_f'!$G546 -> 0.27831467 | E5: ='10years_f'!E546-'10years_f'!$G546 -> -0.086959465 | F5: ='10years_f'!F546-'10years_f'!$G546 -> -0.35430774 | G5: ='10years_f'!H546-'10years_f'!$I546 -> -0.010762564
A6: 26081 | B6: ='10years_f'!B547-'10years_f'!$G547 -> 0.034674905 | C6: ='10years_f'!C547-'10years_f'!$G547 -> -0.32631997 | D6: ='10years_f'!D547-'10years_f'!$G547 -> 0.32114689 | E6: ='10years_f'!E547-'10years_f'!$G547 -> -0.045625722 | F6: ='10years_f'!F547-'10years_f'!$G547 -> -0.32689192 | G6: ='10years_f'!H547-'10years_f'!$I547 -> 0.019075893
A7: 26114 | B7: ='10years_f'!B548-'10years_f'!$G548 -> 0.0186292 | C7: ='10years_f'!C548-'10years_f'!$G548 -> -0.34365152 | D7: ='10years_f'!D548-'10years_f'!$G548 -> 0.31145858 | E7: ='10years_f'!E548-'10years_f'!$G548 -> -0.05661494 | F7: ='10years_f'!F548-'10years_f'!$G548 -> -0.34327282 | G7: ='10years_f'!H548-'10years_f'!$I548 -> 0.0020542746
A8: 26144 | B8: ='10years_f'!B549-'10years_f'!$G549 -> 0.048004922 | C8: ='10years_f'!C549-'10years_f'!$G549 -> -0.31485489 | D8: ='10years_f'!D549-'10years_f'!$G549 -> 0.32717941 | E8: ='10years_f'!E549-'10years_f'!$G549 -> -0.041463623 | F8: ='10years_f'!F549-'10years_f'!$G549 -> -0.31603686 | G8: ='10years_f'!H549-'10years_f'!$I549 -> 0.030423539
A9: 26176 | B9: ='10years_f'!B550-'10years_f'!$G550 -> -0.040191065 | C9: ='10years_f'!C550-'10years_f'!$G550 -> -0.40555377 | D9: ='10years_f'!D550-'10years_f'!$G550 -> 0.22395035 | E9: ='10years_f'!E550-'10years_f'!$G550 -> -0.14619483 | F9: ='10years_f'!F550-'10years_f'!$G550 -> -0.40497931 | G9: ='10years_f'!H550-'10years_f'!$I550 -> -0.058115591
A10: 26206 | B10: ='10years_f'!B551-'10years_f'!$G551 -> -0.085844444 | C10: ='10years_f'!C551-'10years_f'!$G551 -> -0.45260337 | D10: ='10years_f'!D551-'10years_f'!$G551 -> 0.18512178 | E10: ='10years_f'!E551-'10years_f'!$G551 -> -0.18683152 | F10: ='10years_f'!F551-'10years_f'!$G551 -> -0.45183381 | G10: ='10years_f'!H551-'10years_f'!$I551 -> -0.10417867
A11: 26235 | B11: ='10years_f'!B552-'10years_f'!$G552 -> -0.015315197 | C11: ='10years_f'!C552-'10years_f'!$G552 -> -0.38343203 | D11: ='10years_f'!D552-'10years_f'!$G552 -> 0.27427937 | E11: ='10years_f'!E552-'10years_f'!$G552 -> -0.098857095 | F11: ='10years_f'!F552-'10years_f'!$G552 -> -0.38249306 | G11: ='10years_f'!H552-'10years_f'!$I552 -> -0.034763866
A12: 26267 | B12: ='10years_f'!B553-'10years_f'!$G553 -> 0.012714622 | C12: ='10years_f'!C553-'10years_f'!$G553 -> -0.35776453 | D12: ='10years_f'!D553-'10years_f'!$G553 -> 0.31829132 | E12: ='10years_f'!E553-'10years_f'!$G553 -> -0.056657635 | F12: ='10years_f'!F553-'10years_f'!$G553 -> -0.3558498 | G12: ='10years_f'!H553-'10years_f'!$I553 -> -0.0072484537
A13: 26298 | B13: ='10years_f'!B554-'10years_f'!$G554 -> -0.085027532 | C13: ='10years_f'!C554-'10years_f'!$G554 -> -0.45639922 | D13: ='10years_f'!D554-'10years_f'!$G554 -> 0.21038817 | E13: ='10years_f'!E554-'10years_f'!$G554 -> -0.1656152 | F13: ='10years_f'!F554-'10years_f'!$G554 -> -0.45453435 | G13: ='10years_f'!H554-'10years_f'!$I554 -> -0.10432422
... A516: 41607 | B516: ='10years_f'!B1057-'10years_f'!$G1057 -> 0.85328163 | C516: ='10years_f'!C1057-'10years_f'!$G1057 -> 0.69345076 | D516: ='10years_f'!D1057-'10years_f'!$G1057 -> 0.72559922 | E516: ='10years_f'!E1057-'10years_f'!$G1057 -> 0.55679655 | F516: ='10years_f'!F1057-'10years_f'!$G1057 -> 0.68904903 | G516: ='10years_f'!H1057-'10years_f'!$I1057 -> 0.84505335
A517: 41639 | G517: ='10years_f'!H1058-'10years_f'!$I1058 -> 0.85716562
A518: 41670 | G518: ='10years_f'!H1059-'10years_f'!$I1059 -> 0.8867797
A519: 41698 | G519: ='10years_f'!H1060-'10years_f'!$I1060 -> 0.84922879
A520: 41729 | G520: ='10years_f'!H1061-'10years_f'!$I1061 -> 0.84250887
A521: 41759 | G521: ='10years_f'!H1062-'10years_f'!$I1062 -> 0.83703849
A522: 41789 | G522: ='10years_f'!H1063-'10years_f'!$I1063 -> 0.81771583
A523: 41820 | G523: ='10years_f'!H1064-'10years_f'!$I1064 -> 0.80058755
A524: 41851 | G524: ='10years_f'!H1065-'10years_f'!$I1065 -> 0.81240222
A525: 41880 | G525: ='10years_f'!H1066-'10years_f'!$I1066 -> 0.7796775
A526: 41912 | G526: ='10years_f'!H1067-'10years_f'!$I1067 -> 0.79144354
A527: 41943 | G527: ='10years_f'!H1068-'10years_f'!$I1068 -> 0.77157149
A528: 41971 | G528: ='10years_f'!H1069-'10years_f'!$I1069 -> 0.74870183
... A637: 45289 | G637: ='10years_f'!H1178-'10years_f'!$I1178 -> 0

Sheet quarterly
B1: vw_real | C1: rf | D1: ER
A2: 16437 | B2: 0.29408247 | C2: 0.016553056 | D2: =B2-C2 -> 0.27752941
A3: 16527 | B3: 0.52121559 | C3: 0.01929358 | D3: =B3-C3 -> 0.50192201
A4: 16618 | B4: 0.70672606 | C4: 0.030800203 | D4: =B4-C4 -> 0.67592586
A5: 16710 | B5: 0.99125956 | C5: 0.038265155 | D5: =B5-C5 -> 0.9529944
A6: 16802 | B6: 1.0654052 | C6: 0.043627678 | D6: =B6-C6 -> 1.0217775
A7: 16892 | B7: 1.1709239 | C7: 0.057643798 | D7: =B7-C7 -> 1.1132801
A8: 16983 | B8: 1.2322543 | C8: 0.055585362 | D8: =B8-C8 -> 1.1766689
A9: 17075 | B9: 1.2524854 | C9: 0.04487759 | D9: =B9-C9 -> 1.2076078
A10: 17167 | B10: 1.1704175 | C10: 0.039598362 | D10: =B10-C10 -> 1.1308191
A11: 17257 | B11: 1.0816393 | C11: 0.037428736 | D11: =B11-C11 -> 1.0442106
A12: 17348 | B12: 1.2571418 | C12: 0.034609694 | D12: =B12-C12 -> 1.2225321
A13: 17440 | B13: 1.1550355 | C13: 0.032366149 | D13: =B13-C13 -> 1.1226694
... A318: 45291 | B318: 0.13351545 | C318: -0.0020295382 | D318: =B318-C318 -> 0.13554499
